CO2,PM10,PM25,NO,NO2,O3,SO2,AQI
495.0,-14.0,-123.0,2.0,2.0,3.0,2.0,2.0
400.0,15.0,12.7,0.94,42.16,8.58,33.38,1.0
400.0,15.0,12.7,0.94,42.16,8.58,33.38,1.0
400.0,15.0,12.6,0.94,42.16,8.58,33.38,1.0
413.0,15.1,12.7,0.94,42.16,8.58,33.38,1.0
413.0,15.1,12.7,0.94,42.16,8.58,33.38,1.0
407.0,15.1,12.8,0.94,42.16,8.58,33.38,1.0
412.0,15.2,12.9,0.94,42.16,8.58,33.38,1.0
412.0,15.2,12.9,0.94,42.16,8.58,33.38,1.0
413.0,15.3,12.9,0.94,42.16,8.58,33.38,1.0
415.0,15.7,12.3,0.94,42.16,8.58,33.38,1.0
426.0,15.0,11.8,0.94,42.16,8.58,33.38,1.0
426.0,15.0,11.8,0.94,42.16,8.58,33.38,1.0
412.0,13.4,11.4,0.94,42.16,8.58,33.38,1.0
414.0,13.6,11.8,0.94,42.16,8.58,33.38,1.0
414.0,13.6,11.8,0.94,42.16,8.58,33.38,1.0
409.0,13.6,12.1,0.94,42.16,8.58,33.38,1.0
400.0,13.1,11.3,0.94,42.16,8.58,33.38,1.0
444.0,13.6,12.1,0.94,42.16,8.58,33.38,1.0
444.0,13.6,12.1,0.94,42.16,8.58,33.38,1.0
413.0,14.3,12.7,0.94,42.16,8.58,33.38,1.0
400.0,14.2,12.6,0.94,42.16,8.58,33.38,1.0
400.0,14.2,12.6,0.94,42.16,8.58,33.38,1.0
400.0,17.8,14.4,0.94,42.16,8.58,33.38,1.0
400.0,17.8,14.4,0.94,42.16,8.58,33.38,1.0
413.0,26.5,22.2,0.94,42.16,8.58,33.38,1.0
413.0,26.5,22.2,0.94,42.16,8.58,33.38,1.0
413.0,26.1,21.0,0.94,42.16,8.58,33.38,1.0
428.0,24.8,19.6,0.94,42.16,8.58,33.38,1.0
428.0,24.8,19.6,0.94,42.16,8.58,33.38,1.0
415.0,23.0,17.0,0.94,42.16,8.58,33.38,1.0
401.0,24.4,20.0,0.94,42.16,8.58,33.38,1.0
420.0,24.2,20.1,0.94,42.16,8.58,33.38,1.0
420.0,24.2,19.1,0.94,42.16,8.58,33.38,1.0
420.0,24.8,19.1,0.94,42.16,8.58,33.38,1.0
425.0,24.0,18.7,0.94,42.16,8.58,33.38,1.0
425.0,24.0,18.7,0.94,42.16,8.58,33.38,1.0
423.0,24.6,17.6,0.94,42.16,8.58,33.38,1.0
432.0,24.8,18.4,0.94,42.16,8.58,33.38,1.0
428.0,22.6,15.5,1.98,39.76,4.38,33.38,1.0
426.0,22.2,16.1,1.98,39.76,4.38,33.38,1.0
426.0,22.2,16.1,1.98,39.76,4.38,33.38,1.0
427.0,21.9,15.8,1.98,39.76,4.38,33.38,1.0
427.0,21.9,15.8,1.98,39.76,4.38,33.38,1.0
436.0,19.0,14.0,1.98,39.76,4.38,33.38,1.0
436.0,19.0,14.0,1.98,39.76,4.38,33.38,1.0
423.0,20.2,14.5,1.98,39.76,4.38,33.38,1.0
424.0,23.1,14.5,1.98,39.76,4.38,33.38,1.0
435.0,18.4,13.4,1.98,39.76,4.38,33.38,1.0
430.0,18.9,14.1,1.98,39.76,4.38,33.38,1.0
422.0,18.6,12.9,1.98,39.76,4.38,33.38,1.0
451.0,17.5,12.8,1.98,39.76,4.38,33.38,1.0
451.0,17.5,12.8,1.98,39.76,4.38,33.38,1.0
442.0,18.8,12.6,1.98,39.76,4.38,33.38,1.0
442.0,18.8,12.6,1.98,39.76,4.38,33.38,1.0
479.0,15.6,12.3,1.98,39.76,4.38,33.38,1.0
479.0,15.6,12.3,1.98,39.76,4.38,33.38,1.0
439.0,16.6,13.4,1.98,39.76,4.38,33.38,1.0
432.0,18.7,13.5,1.98,39.76,4.38,33.38,1.0
435.0,18.2,13.3,1.98,39.76,4.38,33.38,1.0
435.0,18.2,13.3,1.98,39.76,4.38,33.38,1.0
440.0,18.0,13.0,1.98,39.76,4.38,33.38,1.0
440.0,18.0,13.0,1.98,39.76,4.38,33.38,1.0
433.0,16.9,12.3,1.98,39.76,4.38,33.38,1.0
433.0,16.9,12.3,1.98,39.76,4.38,33.38,1.0
416.0,15.8,12.0,1.98,39.76,4.38,33.38,1.0
425.0,16.8,11.5,1.98,39.76,4.38,33.38,1.0
422.0,16.9,12.4,1.98,39.76,4.38,33.38,1.0
420.0,17.5,12.2,1.98,39.76,4.38,33.38,1.0
420.0,17.5,12.2,1.98,39.76,4.38,33.38,1.0
416.0,16.2,12.2,1.98,39.76,4.38,33.38,1.0
416.0,16.2,12.2,1.98,39.76,4.38,33.38,1.0
421.0,18.1,12.4,1.98,39.76,4.38,33.38,1.0
438.0,18.4,12.3,1.98,39.76,4.38,33.38,1.0
550.0,16.0,11.9,1.98,39.76,4.38,33.38,2.0
473.0,17.1,12.0,1.98,39.76,4.38,33.38,1.0
473.0,17.1,12.0,1.98,39.76,4.38,33.38,1.0
488.0,16.1,11.4,1.98,39.76,4.38,33.38,1.0
488.0,16.1,11.4,1.98,39.76,4.38,33.38,1.0
472.0,18.9,14.8,1.98,39.76,4.38,33.38,1.0
472.0,18.9,14.8,1.98,39.76,4.38,33.38,1.0
437.0,20.4,16.1,1.98,39.76,4.38,33.38,1.0
460.0,21.6,15.8,1.98,39.76,4.38,33.38,1.0
475.0,18.9,13.3,1.98,39.76,4.38,33.38,1.0
478.0,19.3,14.2,1.98,39.76,4.38,33.38,1.0
483.0,20.3,15.7,1.98,39.76,4.38,33.38,1.0
495.0,19.6,15.9,1.98,39.76,4.38,33.38,1.0
495.0,19.6,15.9,1.98,39.76,4.38,33.38,1.0
491.0,19.6,16.1,1.98,39.76,4.38,33.38,2.0
491.0,19.6,16.1,1.98,39.76,4.38,33.38,2.0
514.0,27.6,20.0,1.98,39.76,4.38,33.38,2.0
514.0,27.6,20.0,1.98,39.76,4.38,33.38,2.0
519.0,44.7,35.6,1.98,39.76,4.38,33.38,2.0
519.0,44.7,35.6,1.98,39.76,4.38,33.38,2.0
519.0,195.8,37.9,1.98,39.76,4.38,33.38,2.0
496.0,37.8,31.7,1.98,39.76,4.38,33.38,2.0
560.0,34.0,27.5,1.98,39.76,4.38,33.38,2.0
400.0,11.5,9.1,1.98,39.76,4.38,33.38,1.0
400.0,11.5,9.1,1.98,39.76,4.38,33.38,1.0
400.0,11.5,9.1,1.98,39.76,4.38,33.38,1.0
400.0,11.5,9.1,1.98,39.76,4.38,33.38,1.0
400.0,11.5,9.1,1.98,39.76,4.38,33.38,1.0
427.0,44.1,27.1,1.98,39.76,4.38,33.38,1.0
427.0,44.1,27.1,1.98,39.76,4.38,33.38,1.0
462.0,44.1,27.0,1.98,39.76,4.38,33.38,1.0
409.0,44.3,27.2,1.98,39.76,4.38,33.38,1.0
409.0,44.3,27.2,1.98,39.76,4.38,33.38,1.0
401.0,44.6,27.3,1.98,39.76,4.38,33.38,1.0
411.0,44.8,27.5,1.98,39.76,4.38,33.38,1.0
411.0,44.8,27.5,1.98,39.76,4.38,33.38,1.0
448.0,44.4,27.5,1.98,39.76,4.38,33.38,1.0
489.0,43.4,30.7,1.98,39.76,4.38,33.38,2.0
459.0,35.6,30.8,1.98,39.76,4.38,33.38,2.0
459.0,35.6,30.8,1.98,39.76,4.38,33.38,2.0
594.0,31.4,27.2,1.98,39.76,4.38,33.38,2.0
487.0,29.8,25.4,1.98,39.76,4.38,33.38,1.0
487.0,29.8,25.4,1.98,39.76,4.38,33.38,1.0
539.0,32.4,26.0,1.98,39.76,4.38,33.38,2.0
459.0,95.6,71.6,1.98,39.76,4.38,33.38,1.0
516.0,100.3,75.2,1.98,39.76,4.38,33.38,2.0
516.0,100.3,75.2,1.98,39.76,4.38,33.38,2.0
493.0,86.0,67.9,1.98,39.76,4.38,33.38,2.0
485.0,88.7,69.4,1.98,39.76,4.38,33.38,1.0
485.0,88.7,69.4,1.98,39.76,4.38,33.38,1.0
469.0,53.9,42.4,1.98,39.76,4.38,33.38,1.0
447.0,54.6,43.8,1.98,39.76,4.38,33.38,1.0
433.0,52.1,41.7,1.98,39.76,4.38,33.38,1.0
433.0,52.1,41.7,1.98,39.76,4.38,33.38,1.0
419.0,52.1,41.8,1.98,39.76,4.38,33.38,1.0
400.0,50.6,41.0,1.98,39.76,4.38,33.38,1.0
400.0,50.6,41.0,1.98,39.76,4.38,33.38,1.0
403.0,45.6,35.5,1.98,39.76,4.38,33.38,1.0
403.0,45.6,35.5,1.98,39.76,4.38,33.38,1.0
463.0,45.0,31.4,1.98,39.76,4.38,33.38,1.0
463.0,45.0,31.4,1.98,39.76,4.38,33.38,1.0
449.0,41.7,29.3,1.98,39.76,4.38,33.38,1.0
418.0,32.6,24.4,1.98,39.76,4.38,33.38,1.0
418.0,32.6,24.4,1.98,39.76,4.38,33.38,1.0
462.0,31.1,23.3,1.98,39.76,4.38,33.38,1.0
446.0,31.9,21.1,1.98,39.76,4.38,33.38,1.0
431.0,26.3,17.6,1.98,39.76,4.38,33.38,1.0
444.0,30.1,18.0,1.98,39.76,4.38,33.38,1.0
444.0,30.1,18.0,1.98,39.76,4.38,33.38,1.0
464.0,33.4,18.5,1.98,39.76,4.38,33.38,1.0
464.0,33.4,18.5,1.98,39.76,4.38,33.38,1.0
491.0,29.8,18.3,1.98,39.76,4.38,33.38,1.0
491.0,29.8,18.3,1.98,39.76,4.38,33.38,1.0
478.0,29.6,17.7,1.98,39.76,4.38,33.38,1.0
453.0,27.4,16.8,1.98,39.76,4.38,33.38,1.0
485.0,28.9,17.5,1.98,39.76,4.38,33.38,2.0
485.0,28.9,17.5,1.98,39.76,4.38,33.38,2.0
495.0,28.5,16.9,1.98,39.76,4.38,33.38,2.0
495.0,28.5,16.9,1.98,39.76,4.38,33.38,2.0
504.0,29.9,16.9,1.98,39.76,4.38,33.38,2.0
421.0,22.8,16.3,6.2,37.36,0.92,34.81,1.0
421.0,22.8,16.3,6.2,37.36,0.92,34.81,1.0
491.0,20.9,16.1,6.2,37.36,0.92,34.81,2.0
491.0,20.9,16.1,6.2,37.36,0.92,34.81,2.0
436.0,23.2,18.0,6.2,37.36,0.92,34.81,1.0
453.0,23.6,20.3,6.2,37.36,0.92,34.81,1.0
488.0,23.8,17.5,6.2,37.36,0.92,34.81,1.0
413.0,22.0,19.0,6.2,37.36,0.92,34.81,1.0
426.0,26.8,23.9,6.2,37.36,0.92,34.81,1.0
462.0,22.0,19.3,6.2,37.36,0.92,34.81,1.0
498.0,21.3,18.9,6.2,37.36,0.92,34.81,2.0
447.0,25.2,22.3,6.2,37.36,0.92,34.81,1.0
447.0,25.2,22.3,6.2,37.36,0.92,34.81,1.0
489.0,24.3,21.7,6.2,37.36,0.92,34.81,2.0
489.0,24.3,21.7,6.2,37.36,0.92,34.81,1.0
417.0,25.3,22.0,6.2,37.36,0.92,34.81,1.0
423.0,28.2,25.1,6.2,37.36,0.92,34.81,1.0
423.0,28.2,25.1,6.2,37.36,0.92,34.81,1.0
450.0,24.3,21.0,6.2,37.36,0.92,34.81,1.0
422.0,22.0,19.0,6.2,37.36,0.92,34.81,1.0
422.0,22.0,19.0,6.2,37.36,0.92,34.81,1.0
473.0,22.9,19.6,6.2,37.36,0.92,34.81,1.0
471.0,22.0,19.5,6.2,37.36,0.92,34.81,1.0
471.0,22.0,19.5,6.2,37.36,0.92,34.81,1.0
459.0,23.6,19.8,6.2,37.36,0.92,34.81,1.0
477.0,21.8,18.8,6.2,37.36,0.92,34.81,2.0
477.0,21.8,18.8,6.2,37.36,0.92,34.81,2.0
485.0,17.8,15.5,6.2,37.36,0.92,34.81,1.0
509.0,20.9,16.6,6.2,37.36,0.92,34.81,2.0
509.0,20.9,16.6,6.2,37.36,0.92,34.81,2.0
407.0,207.6,128.4,6.2,37.36,0.92,34.81,1.0
460.0,88.8,56.7,6.2,37.36,0.92,34.81,1.0
460.0,88.8,56.7,6.2,37.36,0.92,34.81,1.0
523.0,122.4,89.2,6.2,37.36,0.92,34.81,2.0
553.0,104.3,76.5,6.2,37.36,0.92,34.81,2.0
553.0,104.3,76.5,6.2,37.36,0.92,34.81,2.0
499.0,85.3,59.4,6.2,37.36,0.92,34.81,2.0
539.0,61.3,45.6,6.2,37.36,0.92,34.81,2.0
539.0,61.3,45.6,6.2,37.36,0.92,34.81,2.0
650.0,51.6,40.6,6.2,37.36,0.92,34.81,2.0
567.0,54.7,42.0,6.2,37.36,0.92,34.81,2.0
580.0,46.6,36.2,6.2,37.36,0.92,34.81,2.0
554.0,46.6,36.2,6.2,37.36,0.92,34.81,2.0
573.0,45.4,33.4,6.2,37.36,0.92,34.81,2.0
543.0,40.6,30.7,6.2,37.36,0.92,34.81,2.0
543.0,40.6,30.7,6.2,37.36,0.92,34.81,2.0
549.0,32.7,25.5,6.2,37.36,0.92,34.81,2.0
586.0,31.7,24.5,6.2,37.36,0.92,34.81,2.0
586.0,31.7,24.5,6.2,37.36,0.92,34.81,2.0
514.0,32.0,25.3,6.2,37.36,0.92,34.81,2.0
553.0,31.2,24.1,6.2,37.36,0.92,34.81,2.0
553.0,31.2,24.1,6.2,37.36,0.92,34.81,2.0
491.0,30.8,23.5,6.2,37.36,0.92,34.81,2.0
553.0,32.3,25.9,6.2,37.36,0.92,34.81,2.0
553.0,32.3,25.9,6.2,37.36,0.92,34.81,2.0
520.0,30.1,23.6,16.32,34.27,0.03,38.62,2.0
520.0,30.1,23.6,16.32,34.27,0.03,38.62,2.0
516.0,43.2,32.9,16.32,34.27,0.03,38.62,2.0
506.0,37.8,27.9,16.32,34.27,0.03,38.62,2.0
506.0,37.8,27.9,16.32,34.27,0.03,38.62,2.0
400.0,37.7,28.5,16.32,34.27,0.03,38.62,1.0
400.0,37.7,28.5,16.32,34.27,0.03,38.62,1.0
400.0,32.3,22.4,16.32,34.27,0.03,38.62,1.0
400.0,24.0,13.6,16.32,34.27,0.03,38.62,1.0
400.0,26.8,14.8,16.32,34.27,0.03,38.62,1.0
400.0,26.8,14.8,16.32,34.27,0.03,38.62,1.0
400.0,27.7,14.7,16.32,34.27,0.03,38.62,1.0
400.0,24.7,10.4,16.32,34.27,0.03,38.62,1.0
400.0,24.7,10.4,16.32,34.27,0.03,38.62,1.0
400.0,22.4,11.2,16.32,34.27,0.03,38.62,1.0
468.0,24.1,10.8,16.32,34.27,0.03,38.62,2.0
505.0,29.8,16.2,16.32,34.27,0.03,38.62,2.0
505.0,29.8,16.2,16.32,34.27,0.03,38.62,2.0
494.0,24.1,15.0,16.32,34.27,0.03,38.62,2.0
523.0,23.4,14.8,16.32,34.27,0.03,38.62,2.0
523.0,23.4,14.8,16.32,34.27,0.03,38.62,2.0
477.0,21.0,13.5,16.32,34.27,0.03,38.62,1.0
457.0,22.4,14.2,16.32,34.27,0.03,38.62,1.0
457.0,22.4,14.2,16.32,34.27,0.03,38.62,1.0
442.0,21.7,12.2,16.32,34.27,0.03,38.62,1.0
446.0,21.7,13.8,16.32,34.27,0.03,38.62,1.0
446.0,21.7,13.8,16.32,34.27,0.03,38.62,1.0
412.0,23.4,12.2,16.32,34.27,0.03,38.62,1.0
519.0,17.9,9.9,16.32,34.27,0.03,38.62,2.0
519.0,17.9,9.9,16.32,34.27,0.03,38.62,2.0
536.0,22.0,11.8,16.32,34.27,0.03,38.62,2.0
431.0,19.9,12.8,16.32,34.27,0.03,38.62,1.0
431.0,19.9,12.8,16.32,34.27,0.03,38.62,1.0
441.0,20.2,11.4,16.32,34.27,0.03,38.62,1.0
451.0,16.7,9.7,16.32,34.27,0.03,38.62,1.0
451.0,16.7,9.7,16.32,34.27,0.03,38.62,1.0
512.0,18.2,9.0,16.32,34.27,0.03,38.62,2.0
537.0,19.2,11.7,16.32,34.27,0.03,38.62,2.0
537.0,19.2,11.7,16.32,34.27,0.03,38.62,2.0
508.0,18.5,11.5,16.32,34.27,0.03,38.62,2.0
499.0,18.5,11.5,16.32,34.27,0.03,38.62,2.0
553.0,23.2,11.7,16.32,34.27,0.03,38.62,2.0
557.0,19.5,11.3,16.32,34.27,0.03,38.62,2.0
557.0,19.5,11.3,16.32,34.27,0.03,38.62,2.0
561.0,23.7,12.3,16.32,34.27,0.03,38.62,2.0
455.0,18.9,12.0,16.32,34.27,0.03,38.62,1.0
455.0,18.9,12.0,16.32,34.27,0.03,38.62,1.0
468.0,20.8,11.3,16.32,34.27,0.03,38.62,1.0
451.0,18.8,8.2,16.32,34.27,0.03,38.62,1.0
451.0,18.8,8.2,16.32,34.27,0.03,38.62,1.0
443.0,18.4,8.9,16.32,34.27,0.03,38.62,1.0
551.0,20.7,9.7,16.32,34.27,0.03,38.62,2.0
551.0,20.7,9.7,16.32,34.27,0.03,38.62,2.0
498.0,18.5,8.9,16.32,34.27,0.03,38.62,2.0
462.0,21.1,9.8,16.32,34.27,0.03,38.62,1.0
462.0,21.1,9.8,16.32,34.27,0.03,38.62,1.0
507.0,16.4,7.7,16.32,34.27,0.03,38.62,2.0
507.0,16.4,7.7,16.32,34.27,0.03,38.62,2.0
487.0,17.9,10.4,16.32,34.27,0.03,38.62,1.0
423.0,15.9,9.1,16.32,34.27,0.03,38.62,1.0
423.0,15.9,9.1,16.32,34.27,0.03,38.62,1.0
400.0,19.6,10.0,16.32,34.27,0.03,38.62,1.0
459.0,16.7,6.4,16.32,34.27,0.03,38.62,1.0
473.0,17.5,6.8,16.32,34.27,0.03,38.62,1.0
473.0,17.5,6.8,16.32,34.27,0.03,38.62,1.0
498.0,20.7,10.1,16.32,34.27,0.03,38.62,1.0
540.0,18.6,8.3,16.32,34.27,0.03,38.62,2.0
540.0,18.6,8.3,16.32,34.27,0.03,38.62,2.0
513.0,20.2,9.8,16.32,34.27,0.03,38.62,2.0
435.0,18.2,9.3,16.32,34.27,0.03,38.62,1.0
435.0,18.2,9.3,16.32,34.27,0.03,38.62,1.0
400.0,20.1,9.2,16.32,34.27,0.03,38.62,1.0
400.0,20.1,9.2,16.32,34.27,0.03,38.62,1.0
400.0,16.9,6.5,16.32,34.27,0.03,38.62,1.0
400.0,16.3,6.0,16.32,34.27,0.03,38.62,1.0
575.0,19.0,6.4,16.32,34.27,0.03,38.62,2.0
575.0,19.0,6.4,16.32,34.27,0.03,38.62,2.0
445.0,22.2,9.4,16.32,34.27,0.03,38.62,1.0
400.0,19.7,10.8,56.33,40.1,8.4,91.55,1.0
400.0,19.7,10.8,56.33,40.1,8.4,91.55,1.0
404.0,19.4,10.3,56.33,40.1,8.4,91.55,1.0
429.0,19.0,10.8,56.33,40.1,8.4,91.55,1.0
429.0,19.0,10.8,56.33,40.1,8.4,91.55,1.0
425.0,16.8,10.5,56.33,40.1,8.4,91.55,1.0
558.0,14.7,8.2,56.33,40.1,8.4,91.55,2.0
478.0,16.3,8.2,56.33,40.1,8.4,91.55,2.0
478.0,16.3,8.2,56.33,40.1,8.4,91.55,2.0
557.0,15.8,8.7,56.33,40.1,8.4,91.55,2.0
557.0,15.8,8.7,56.33,40.1,8.4,91.55,2.0
521.0,17.5,10.2,56.33,40.1,8.4,91.55,2.0
521.0,17.5,10.2,56.33,40.1,8.4,91.55,2.0
453.0,18.5,10.2,56.33,40.1,8.4,91.55,1.0
413.0,15.1,9.1,56.33,40.1,8.4,91.55,1.0
471.0,17.2,9.7,56.33,40.1,8.4,91.55,2.0
471.0,17.2,9.7,56.33,40.1,8.4,91.55,2.0
609.0,17.7,8.6,56.33,40.1,8.4,91.55,2.0
578.0,18.3,10.4,56.33,40.1,8.4,91.55,2.0
521.0,14.6,9.2,56.33,40.1,8.4,91.55,2.0
576.0,14.3,9.0,56.33,40.1,8.4,91.55,2.0
638.0,16.8,11.0,56.33,40.1,8.4,91.55,2.0
575.0,15.4,10.4,56.33,40.1,8.4,91.55,2.0
575.0,15.4,10.4,56.33,40.1,8.4,91.55,2.0
501.0,15.6,9.7,56.33,40.1,8.4,91.55,2.0
501.0,15.6,9.7,56.33,40.1,8.4,91.55,2.0
513.0,12.2,9.0,56.33,40.1,8.4,91.55,2.0
513.0,12.2,9.0,56.33,40.1,8.4,91.55,2.0
500.0,12.9,9.0,56.33,40.1,8.4,91.55,2.0
500.0,12.9,9.0,56.33,40.1,8.4,91.55,2.0
492.0,14.1,8.5,56.33,40.1,8.4,91.55,2.0
492.0,14.1,8.5,56.33,40.1,8.4,91.55,2.0
422.0,12.2,8.8,56.33,40.1,8.4,91.55,1.0
455.0,14.1,8.6,56.33,40.1,8.4,91.55,1.0
438.0,11.0,8.0,56.33,40.1,8.4,91.55,1.0
438.0,11.0,8.0,56.33,40.1,8.4,91.55,1.0
556.0,13.7,8.2,56.33,40.1,8.4,91.55,2.0
556.0,13.7,8.2,56.33,40.1,8.4,91.55,2.0
506.0,12.1,8.1,56.33,40.1,8.4,91.55,2.0
506.0,12.1,8.1,56.33,40.1,8.4,91.55,2.0
450.0,12.3,8.9,56.33,40.1,8.4,91.55,1.0
496.0,16.6,8.5,56.33,40.1,8.4,91.55,2.0
496.0,16.6,8.5,56.33,40.1,8.4,91.55,2.0
410.0,18.4,9.1,56.33,40.1,8.4,91.55,1.0
410.0,18.4,9.1,56.33,40.1,8.4,91.55,1.0
501.0,15.5,7.9,56.33,40.1,8.4,91.55,2.0
501.0,15.5,7.9,56.33,40.1,8.4,91.55,2.0
468.0,12.7,8.7,56.33,40.1,8.4,91.55,1.0
472.0,13.5,7.8,56.33,40.1,8.4,91.55,1.0
512.0,12.3,8.9,56.33,40.1,8.4,91.55,2.0
602.0,14.0,8.4,56.33,40.1,8.4,91.55,2.0
518.0,14.1,8.8,56.33,40.1,8.4,91.55,2.0
549.0,12.3,8.2,56.33,40.1,8.4,91.55,2.0
507.0,13.0,8.5,56.33,40.1,8.4,91.55,2.0
477.0,12.8,8.5,56.33,40.1,8.4,91.55,1.0
475.0,17.1,8.2,56.33,40.1,8.4,91.55,2.0
400.0,14.7,7.3,56.33,40.1,8.4,91.55,1.0
400.0,14.7,7.3,56.33,40.1,8.4,91.55,1.0
428.0,16.2,8.7,47.83,51.41,19.49,94.41,1.0
428.0,16.2,8.7,47.83,51.41,19.49,94.41,1.0
439.0,15.9,9.4,47.83,51.41,19.49,94.41,1.0
439.0,15.9,9.4,47.83,51.41,19.49,94.41,1.0
529.0,17.6,8.3,47.83,51.41,19.49,94.41,2.0
524.0,11.7,6.6,47.83,51.41,19.49,94.41,2.0
524.0,11.7,6.6,47.83,51.41,19.49,94.41,2.0
791.0,11.8,7.6,47.83,51.41,19.49,94.41,3.0
783.0,22.8,9.7,47.83,51.41,19.49,94.41,3.0
428.0,24.4,20.6,62.59,37.7,0.0,58.17,1.0
421.0,24.5,20.6,62.59,37.7,0.0,58.17,1.0
421.0,24.5,20.6,62.59,37.7,0.0,58.17,1.0
438.0,24.9,20.6,62.59,37.7,0.0,58.17,1.0
422.0,25.0,20.6,62.59,37.7,0.0,58.17,1.0
422.0,25.0,20.6,62.59,37.7,0.0,58.17,1.0
413.0,25.2,20.9,62.59,37.7,0.0,58.17,1.0
412.0,24.2,20.7,62.59,37.7,0.0,58.17,1.0
412.0,24.2,20.7,62.59,37.7,0.0,58.17,1.0
431.0,23.4,19.6,62.59,37.7,0.0,58.17,1.0
431.0,23.4,19.6,62.59,37.7,0.0,58.17,1.0
509.0,22.7,19.0,62.59,37.7,0.0,58.17,2.0
425.0,22.1,18.4,62.59,37.7,0.0,58.17,1.0
425.0,22.1,18.4,62.59,37.7,0.0,58.17,1.0
434.0,22.5,18.7,62.59,37.7,0.0,58.17,1.0
434.0,22.5,18.7,62.59,37.7,0.0,58.17,1.0
432.0,23.2,18.6,62.59,37.7,0.0,58.17,1.0
478.0,25.8,22.5,62.59,37.7,0.0,58.17,2.0
478.0,25.8,22.5,62.59,37.7,0.0,58.17,2.0
485.0,27.8,22.0,62.59,37.7,0.0,58.17,2.0
501.0,32.3,25.1,62.59,37.7,0.0,58.17,2.0
501.0,32.3,25.1,62.59,37.7,0.0,58.17,2.0
511.0,32.9,25.2,62.59,37.7,0.0,58.17,2.0
521.0,42.3,37.7,62.59,37.7,0.0,58.17,2.0
521.0,42.3,37.7,62.59,37.7,0.0,58.17,2.0
544.0,46.3,41.3,62.59,37.7,0.0,58.17,2.0
488.0,50.3,45.0,62.59,37.7,0.0,58.17,2.0
488.0,50.3,45.0,62.59,37.7,0.0,58.17,2.0
450.0,52.1,46.5,62.59,37.7,0.0,58.17,1.0
484.0,52.7,47.0,62.59,37.7,0.0,58.17,2.0
484.0,52.7,47.0,62.59,37.7,0.0,58.17,2.0
503.0,58.3,52.2,62.59,37.7,0.0,58.17,2.0
503.0,58.3,52.2,62.59,37.7,0.0,58.17,2.0
482.0,47.3,42.1,62.59,37.7,0.0,58.17,1.0
461.0,53.2,46.7,62.59,37.7,0.0,58.17,1.0
461.0,53.2,46.7,62.59,37.7,0.0,58.17,1.0
464.0,58.2,51.9,62.59,37.7,0.0,58.17,1.0
464.0,58.2,51.9,62.59,37.7,0.0,58.17,1.0
486.0,59.2,52.7,62.59,37.7,0.0,58.17,2.0
514.0,72.2,63.0,62.59,37.7,0.0,58.17,2.0
514.0,72.2,63.0,62.59,37.7,0.0,58.17,2.0
510.0,58.3,52.1,62.59,37.7,0.0,58.17,2.0
503.0,55.1,49.0,62.59,37.7,0.0,58.17,2.0
503.0,55.1,49.0,62.59,37.7,0.0,58.17,2.0
561.0,62.4,55.7,62.59,37.7,0.0,58.17,2.0
522.0,76.9,68.9,62.59,37.7,0.0,58.17,2.0
522.0,76.9,68.9,62.59,37.7,0.0,58.17,2.0
458.0,82.6,73.9,62.59,37.7,0.0,58.17,1.0
458.0,82.6,73.9,62.59,37.7,0.0,58.17,1.0
491.0,81.6,72.9,62.59,37.7,0.0,58.17,2.0
502.0,86.6,77.5,62.59,37.7,0.0,58.17,2.0
515.0,72.1,63.9,62.59,37.7,0.0,58.17,2.0
542.0,94.2,70.7,62.59,37.7,0.0,58.17,2.0
542.0,94.2,70.7,62.59,37.7,0.0,58.17,2.0
545.0,88.9,73.4,62.59,37.7,0.0,58.17,2.0
564.0,81.1,67.1,62.59,37.7,0.0,58.17,2.0
499.0,88.5,77.0,62.59,37.7,0.0,58.17,2.0
507.0,82.6,73.6,62.59,37.7,0.0,58.17,2.0
507.0,82.6,73.6,62.59,37.7,0.0,58.17,2.0
518.0,83.1,74.3,62.59,37.7,0.0,58.17,2.0
518.0,83.1,74.3,62.59,37.7,0.0,58.17,2.0
545.0,78.0,69.6,62.59,37.7,0.0,58.17,2.0
591.0,90.2,80.5,62.59,37.7,0.0,58.17,2.0
591.0,90.2,80.5,62.59,37.7,0.0,58.17,2.0
532.0,95.2,85.4,62.59,37.7,0.0,58.17,2.0
567.0,77.3,69.1,62.59,37.7,0.0,58.17,2.0
568.0,90.7,81.5,62.59,37.7,0.0,58.17,2.0
568.0,90.7,81.5,62.59,37.7,0.0,58.17,2.0
548.0,89.9,80.3,62.59,37.7,0.0,58.17,2.0
553.0,89.0,79.8,62.59,37.7,0.0,58.17,2.0
553.0,89.0,79.8,62.59,37.7,0.0,58.17,2.0
553.0,118.2,106.1,62.59,37.7,0.0,58.17,2.0
553.0,118.2,106.1,62.59,37.7,0.0,58.17,2.0
542.0,90.6,81.3,62.59,37.7,0.0,58.17,2.0
583.0,84.7,76.1,62.59,37.7,0.0,58.17,2.0
583.0,84.7,76.1,62.59,37.7,0.0,58.17,2.0
557.0,87.2,78.4,62.59,37.7,0.0,58.17,2.0
557.0,87.2,78.4,62.59,37.7,0.0,58.17,2.0
552.0,94.2,84.8,62.59,37.7,0.0,58.17,2.0
552.0,94.2,84.8,62.59,37.7,0.0,58.17,2.0
527.0,90.9,81.9,62.59,37.7,0.0,58.17,2.0
554.0,70.5,63.2,62.59,37.7,0.0,58.17,2.0
542.0,75.2,67.3,62.59,37.7,0.0,58.17,2.0
569.0,82.0,73.7,62.59,37.7,0.0,58.17,2.0
533.0,81.5,73.0,62.59,37.7,0.0,58.17,2.0
466.0,93.5,84.1,62.59,37.7,0.0,58.17,1.0
538.0,57.7,51.5,62.59,37.7,0.0,58.17,2.0
538.0,57.7,51.5,62.59,37.7,0.0,58.17,2.0
562.0,56.1,50.2,62.59,37.7,0.0,58.17,2.0
548.0,81.2,72.7,62.59,37.7,0.0,58.17,2.0
548.0,81.2,72.7,62.59,37.7,0.0,58.17,2.0
549.0,70.1,62.9,62.59,37.7,0.0,58.17,2.0
549.0,70.1,62.9,62.59,37.7,0.0,58.17,2.0
479.0,74.8,67.2,62.59,37.7,0.0,58.17,2.0
479.0,74.8,67.2,62.59,37.7,0.0,58.17,2.0
511.0,82.2,74.0,63.48,36.33,0.0,53.41,2.0
511.0,82.2,74.0,63.48,36.33,0.0,53.41,2.0
533.0,70.9,63.8,62.59,37.7,0.0,58.17,2.0
539.0,64.3,57.7,62.59,37.7,0.0,58.17,2.0
440.0,67.4,60.8,62.59,37.7,0.0,58.17,1.0
482.0,50.9,45.7,62.59,37.7,0.0,58.17,2.0
497.0,46.7,42.0,62.59,37.7,0.0,58.17,2.0
497.0,46.7,42.0,62.59,37.7,0.0,58.17,2.0
489.0,48.2,43.4,62.59,37.7,0.0,58.17,1.0
489.0,48.2,43.4,62.59,37.7,0.0,58.17,1.0
493.0,52.5,47.1,62.59,37.7,0.0,58.17,2.0
518.0,41.3,37.1,62.59,37.7,0.0,58.17,2.0
498.0,50.7,45.7,63.48,36.33,0.0,53.41,2.0
506.0,54.7,49.1,63.48,36.33,0.0,53.41,2.0
448.0,50.5,45.4,63.48,36.33,0.0,53.41,1.0
506.0,45.6,41.0,63.48,36.33,0.0,53.41,2.0
528.0,32.7,29.3,63.48,36.33,0.0,53.41,2.0
528.0,32.7,29.3,63.48,36.33,0.0,53.41,2.0
555.0,40.6,36.5,63.48,36.33,0.0,53.41,2.0
508.0,76.5,68.1,63.48,36.33,0.0,53.41,1.0
508.0,76.5,68.1,63.48,36.33,0.0,53.41,1.0
516.0,64.8,56.6,63.48,36.33,0.0,53.41,2.0
516.0,64.8,56.6,63.48,36.33,0.0,53.41,2.0
520.0,53.0,46.2,63.48,36.33,0.0,53.41,2.0
520.0,53.0,46.2,63.48,36.33,0.0,53.41,2.0
497.0,51.6,45.6,63.48,36.33,0.0,53.41,2.0
498.0,55.6,49.6,63.48,36.33,0.0,53.41,2.0
475.0,57.7,50.9,63.48,36.33,0.0,53.41,1.0
479.0,50.2,42.0,63.48,36.33,0.0,53.41,1.0
491.0,50.0,44.6,63.48,36.33,0.0,53.41,2.0
498.0,45.8,40.9,63.48,36.33,0.0,53.41,2.0
498.0,45.8,40.9,63.48,36.33,0.0,53.41,2.0
454.0,45.2,40.5,63.48,36.33,0.0,53.41,1.0
420.0,44.0,39.5,63.48,36.33,0.0,53.41,1.0
420.0,44.0,39.5,63.48,36.33,0.0,53.41,1.0
439.0,52.9,47.1,63.48,36.33,0.0,53.41,1.0
439.0,52.9,47.1,63.48,36.33,0.0,53.41,1.0
400.0,42.4,38.0,63.48,36.33,0.0,53.41,1.0
400.0,42.4,38.0,63.48,36.33,0.0,53.41,1.0
417.0,38.3,34.4,63.48,36.33,0.0,53.41,1.0
417.0,38.3,34.4,63.48,36.33,0.0,53.41,1.0
430.0,35.3,31.5,63.48,36.33,0.0,53.41,1.0
479.0,32.5,29.2,63.48,36.33,0.0,53.41,1.0
552.0,29.6,25.2,63.48,36.33,0.0,53.41,2.0
555.0,35.8,31.4,63.48,36.33,0.0,53.41,2.0
534.0,34.2,30.7,63.48,36.33,0.0,53.41,2.0
534.0,34.2,30.7,63.48,36.33,0.0,53.41,2.0
492.0,33.3,29.8,63.48,36.33,0.0,53.41,2.0
492.0,33.3,29.8,63.48,36.33,0.0,53.41,2.0
480.0,32.0,28.6,63.48,36.33,0.0,53.41,1.0
481.0,31.3,27.9,63.48,36.33,0.0,53.41,2.0
476.0,33.2,29.8,63.48,36.33,0.0,53.41,1.0
428.0,32.0,28.5,63.48,36.33,0.0,53.41,1.0
464.0,32.3,28.8,63.48,36.33,0.0,53.41,1.0
475.0,30.4,26.5,63.48,36.33,0.0,53.41,1.0
495.0,32.3,29.1,63.48,36.33,0.0,53.41,2.0
504.0,31.4,28.1,63.48,36.33,0.0,53.41,2.0
472.0,30.5,27.3,63.48,36.33,0.0,53.41,1.0
472.0,30.5,27.3,63.48,36.33,0.0,53.41,1.0
471.0,29.2,26.1,63.48,36.33,0.0,53.41,1.0
471.0,29.2,26.1,63.48,36.33,0.0,53.41,1.0
442.0,27.8,24.3,63.48,36.33,0.0,53.41,1.0
426.0,44.1,39.3,63.48,36.33,0.0,53.41,1.0
400.0,44.0,35.1,63.48,36.33,0.0,53.41,1.0
400.0,39.6,31.1,63.48,36.33,0.0,53.41,1.0
400.0,33.7,26.5,63.48,36.33,0.0,53.41,1.0
400.0,33.7,26.5,63.48,36.33,0.0,53.41,1.0
400.0,26.6,22.4,63.48,36.33,0.0,53.41,1.0
400.0,26.6,22.4,63.48,36.33,0.0,53.41,1.0
400.0,26.0,19.8,63.48,36.33,0.0,53.41,1.0
400.0,24.6,18.7,63.48,36.33,0.0,53.41,1.0
400.0,19.5,15.9,63.48,36.33,0.0,53.41,1.0
400.0,19.1,15.2,63.48,36.33,0.0,53.41,1.0
400.0,18.0,12.4,63.48,36.33,0.0,53.41,1.0
400.0,18.0,12.4,63.48,36.33,0.0,53.41,1.0
400.0,16.8,11.8,63.48,36.33,0.0,53.41,1.0
400.0,16.8,11.8,63.48,36.33,0.0,53.41,1.0
400.0,13.7,10.2,63.48,36.33,0.0,53.41,1.0
400.0,19.6,10.3,63.48,36.33,0.0,53.41,1.0
400.0,20.4,9.0,63.48,36.33,0.0,53.41,1.0
400.0,20.5,9.4,63.48,36.33,0.0,53.41,1.0
400.0,29.8,8.3,63.48,36.33,0.0,53.41,1.0
400.0,29.8,8.3,63.48,36.33,0.0,53.41,1.0
400.0,30.4,8.7,63.48,36.33,0.0,53.41,1.0
400.0,30.4,8.7,63.48,36.33,0.0,53.41,1.0
400.0,48.2,9.5,63.48,36.33,0.0,53.41,1.0
400.0,48.2,9.5,63.48,36.33,0.0,53.41,1.0
400.0,33.6,8.9,63.48,36.33,0.0,53.41,1.0
400.0,33.6,8.9,63.48,36.33,0.0,53.41,1.0
400.0,47.3,10.8,63.48,36.33,0.0,53.41,1.0
400.0,50.6,12.6,63.48,36.33,0.0,53.41,1.0
421.0,47.6,12.5,63.48,36.33,0.0,53.41,1.0
421.0,47.6,12.5,63.48,36.33,0.0,53.41,1.0
408.0,47.3,16.6,63.48,36.33,0.0,53.41,1.0
432.0,48.5,14.1,63.48,36.33,0.0,53.41,1.0
432.0,48.5,14.1,63.48,36.33,0.0,53.41,1.0
471.0,43.8,14.2,63.48,36.33,0.0,53.41,1.0
471.0,43.8,14.2,63.48,36.33,0.0,53.41,1.0
455.0,55.2,15.5,63.48,36.33,0.0,53.41,1.0
452.0,52.3,14.6,63.48,36.33,0.0,53.41,1.0
400.0,54.6,16.2,63.48,36.33,0.0,53.41,1.0
419.0,45.9,12.9,71.53,33.59,0.0,52.45,1.0
430.0,46.7,14.8,71.53,33.59,0.0,52.45,1.0
436.0,45.2,14.7,71.53,33.59,0.0,52.45,1.0
436.0,45.2,14.7,71.53,33.59,0.0,52.45,1.0
476.0,41.7,15.0,71.53,33.59,0.0,52.45,1.0
476.0,41.7,15.0,71.53,33.59,0.0,52.45,1.0
451.0,43.1,19.5,71.53,33.59,0.0,52.45,1.0
463.0,39.7,16.5,71.53,33.59,0.0,52.45,1.0
492.0,43.3,17.0,71.53,33.59,0.0,52.45,2.0
492.0,43.3,17.0,71.53,33.59,0.0,52.45,2.0
510.0,41.3,16.3,71.53,33.59,0.0,52.45,2.0
510.0,41.3,16.3,71.53,33.59,0.0,52.45,2.0
541.0,50.9,15.9,71.53,33.59,0.0,52.45,2.0
541.0,50.9,15.9,71.53,33.59,0.0,52.45,2.0
551.0,46.0,16.2,71.53,33.59,0.0,52.45,2.0
551.0,46.0,16.2,71.53,33.59,0.0,52.45,2.0
601.0,44.6,14.7,71.53,33.59,0.0,52.45,2.0
592.0,42.4,14.4,71.53,33.59,0.0,52.45,2.0
608.0,36.4,13.6,71.53,33.59,0.0,52.45,2.0
731.0,33.8,13.2,71.53,33.59,0.0,52.45,2.0
1045.0,273.8,216.0,71.53,33.59,0.0,52.45,4.0
1045.0,273.8,216.0,71.53,33.59,0.0,52.45,4.0
1152.0,1134.9,841.8,71.53,33.59,0.0,52.45,4.0
1152.0,1134.9,841.8,71.53,33.59,0.0,52.45,4.0
1236.0,1999.9,999.9,71.53,33.59,0.0,52.45,4.0
1236.0,1999.9,999.9,71.53,33.59,0.0,52.45,4.0
1207.0,1999.9,999.9,71.53,33.59,0.0,52.45,4.0
1207.0,1999.9,999.9,71.53,33.59,0.0,52.45,4.0
1203.0,1999.9,999.9,71.53,33.59,0.0,52.45,4.0
1231.0,1999.9,999.9,71.53,33.59,0.0,52.45,4.0
1325.0,1999.9,999.9,71.53,33.59,0.0,52.45,5.0
1325.0,1999.9,999.9,71.53,33.59,0.0,52.45,5.0
1384.0,1999.9,999.9,71.53,33.59,0.0,52.45,5.0
1433.0,1999.9,999.9,71.53,33.59,0.0,52.45,5.0
1433.0,1999.9,999.9,71.53,33.59,0.0,52.45,5.0
1417.0,1999.9,999.9,71.53,33.59,0.0,52.45,5.0
1417.0,1999.9,999.9,71.53,33.59,0.0,52.45,5.0
1470.0,1999.9,999.9,71.53,33.59,0.0,52.45,5.0
1524.0,1999.9,999.9,71.53,33.59,0.0,52.45,5.0
1495.0,1999.9,999.9,71.53,33.59,0.0,52.45,5.0
1495.0,1999.9,999.9,71.53,33.59,0.0,52.45,5.0
1574.0,1999.9,999.9,71.53,33.59,0.0,52.45,5.0
1573.0,1999.9,999.9,71.53,33.59,0.0,52.45,5.0
1573.0,1999.9,999.9,71.53,33.59,0.0,52.45,5.0
1634.0,1999.9,999.9,71.53,33.59,0.0,52.45,5.0
1679.0,1679.5,996.2,71.53,33.59,0.0,52.45,5.0
1279.0,1014.0,776.4,71.53,33.59,0.0,52.45,5.0
1279.0,1014.0,776.4,71.53,33.59,0.0,52.45,5.0
1299.0,780.9,637.9,71.53,33.59,0.0,52.45,5.0
1299.0,780.9,637.9,71.53,33.59,0.0,52.45,5.0
1543.0,781.1,650.9,71.53,33.59,0.0,52.45,5.0
1597.0,654.7,551.1,71.53,33.59,0.0,52.45,5.0
1798.0,585.4,496.2,71.53,33.59,0.0,52.45,5.0
1810.0,508.7,426.9,71.53,33.59,0.0,52.45,5.0
1810.0,508.7,426.9,71.53,33.59,0.0,52.45,5.0
1858.0,432.7,341.2,71.53,33.59,0.0,52.45,5.0
1858.0,432.7,341.2,71.53,33.59,0.0,52.45,5.0
1925.0,355.7,276.1,71.53,33.59,0.0,52.45,5.0
1850.0,272.2,211.2,71.53,33.59,0.0,52.45,5.0
1951.0,201.7,158.1,71.53,33.59,0.0,52.45,5.0
1951.0,201.7,158.1,71.53,33.59,0.0,52.45,5.0
2074.0,158.6,128.8,71.53,33.59,0.0,52.45,5.0
2074.0,158.6,128.8,71.53,33.59,0.0,52.45,5.0
2150.0,124.4,101.1,71.53,33.59,0.0,52.45,5.0
2187.0,124.4,101.1,71.53,33.59,0.0,52.45,5.0
2382.0,102.0,81.8,71.53,33.59,0.0,52.45,5.0
2382.0,102.0,81.8,71.53,33.59,0.0,52.45,5.0
2357.0,78.9,62.9,71.53,33.59,0.0,52.45,5.0
2357.0,78.9,62.9,71.53,33.59,0.0,52.45,5.0
2388.0,75.0,59.1,71.53,33.59,0.0,52.45,5.0
2287.0,195.4,86.0,81.36,31.53,0.0,56.74,5.0
2254.0,500.1,312.3,81.36,31.53,0.0,56.74,5.0
2263.0,650.1,521.6,81.36,31.53,0.0,56.74,5.0
2263.0,650.1,521.6,81.36,31.53,0.0,56.74,5.0
2235.0,758.0,656.1,81.36,31.53,0.0,56.74,5.0
2235.0,758.0,656.1,81.36,31.53,0.0,56.74,5.0
2168.0,781.0,694.4,81.36,31.53,0.0,56.74,5.0
2168.0,781.0,694.4,81.36,31.53,0.0,56.74,5.0
2149.0,803.9,717.4,81.36,31.53,0.0,56.74,5.0
2095.0,787.6,705.5,81.36,31.53,0.0,56.74,5.0
1997.0,760.0,683.1,81.36,31.53,0.0,56.74,5.0
1997.0,760.0,683.1,81.36,31.53,0.0,56.74,5.0
1975.0,702.2,633.9,81.36,31.53,0.0,56.74,5.0
1975.0,702.2,633.9,81.36,31.53,0.0,56.74,5.0
1974.0,640.0,577.8,81.36,31.53,0.0,56.74,5.0
1933.0,583.6,527.3,81.36,31.53,0.0,56.74,5.0
1919.0,515.0,464.7,81.36,31.53,0.0,56.74,5.0
1919.0,515.0,464.7,81.36,31.53,0.0,56.74,5.0
1984.0,455.8,410.0,81.36,31.53,0.0,56.74,5.0
1984.0,455.8,410.0,81.36,31.53,0.0,56.74,5.0
2076.0,394.5,353.6,81.36,31.53,0.0,56.74,5.0
1977.0,325.7,291.2,81.36,31.53,0.0,56.74,5.0
1957.0,270.6,242.0,81.36,31.53,0.0,56.74,5.0
1957.0,270.6,242.0,81.36,31.53,0.0,56.74,5.0
2120.0,238.6,209.5,81.36,31.53,0.0,56.74,5.0
2120.0,238.6,209.5,81.36,31.53,0.0,56.74,5.0
2066.0,212.7,186.8,81.36,31.53,0.0,56.74,5.0
2066.0,212.7,186.8,81.36,31.53,0.0,56.74,5.0
2023.0,184.1,162.1,81.36,31.53,0.0,56.74,5.0
2016.0,167.7,137.3,81.36,31.53,0.0,56.74,5.0
1950.0,161.7,122.7,81.36,31.53,0.0,56.74,5.0
1932.0,132.9,104.8,81.36,31.53,0.0,56.74,5.0
1932.0,132.9,104.8,81.36,31.53,0.0,56.74,5.0
2143.0,117.9,90.3,81.36,31.53,0.0,56.74,5.0
2076.0,108.9,84.1,81.36,31.53,0.0,56.74,5.0
2120.0,97.7,75.8,81.36,31.53,0.0,56.74,5.0
2120.0,97.7,75.8,81.36,31.53,0.0,56.74,5.0
2150.0,100.6,72.7,81.36,31.53,0.0,56.74,5.0
2145.0,91.7,67.5,81.36,31.53,0.0,56.74,5.0
2145.0,91.7,67.5,81.36,31.53,0.0,56.74,5.0
1997.0,80.9,58.4,81.36,31.53,0.0,56.74,5.0
1997.0,80.9,58.4,81.36,31.53,0.0,56.74,5.0
2033.0,78.8,55.4,81.36,31.53,0.0,56.74,5.0
1980.0,69.6,49.5,81.36,31.53,0.0,56.74,5.0
1983.0,72.4,48.3,81.36,31.53,0.0,56.74,5.0
2031.0,66.2,44.6,81.36,31.53,0.0,56.74,5.0
2045.0,65.1,42.3,81.36,31.53,0.0,56.74,5.0
2003.0,78.2,52.4,81.36,31.53,0.0,56.74,5.0
2003.0,78.2,52.4,81.36,31.53,0.0,56.74,5.0
1974.0,77.1,52.0,81.36,31.53,0.0,56.74,5.0
1974.0,77.1,52.0,81.36,31.53,0.0,56.74,5.0
1891.0,71.8,48.6,81.36,31.53,0.0,56.74,5.0
1891.0,71.8,48.6,81.36,31.53,0.0,56.74,5.0
1878.0,68.0,45.7,81.36,31.53,0.0,56.74,5.0
1878.0,68.0,45.7,81.36,31.53,0.0,56.74,5.0
1834.0,66.5,45.7,81.36,31.53,0.0,56.74,5.0
1835.0,69.8,49.2,81.36,31.53,0.0,56.74,5.0
1830.0,75.8,52.6,81.36,31.53,0.0,56.74,5.0
1799.0,75.7,54.9,81.36,31.53,0.0,56.74,5.0
1703.0,86.2,61.5,81.36,31.53,0.0,56.74,5.0
1722.0,87.6,61.9,81.36,31.53,0.0,56.74,5.0
1711.0,81.1,60.3,81.36,31.53,0.0,56.74,5.0
1711.0,81.1,60.3,81.36,31.53,0.0,56.74,5.0
1707.0,81.0,58.1,81.36,31.53,0.0,56.74,5.0
1707.0,81.0,58.1,81.36,31.53,0.0,56.74,5.0
1750.0,82.3,58.6,81.36,31.53,0.0,56.74,5.0
1750.0,82.3,58.6,81.36,31.53,0.0,56.74,5.0
1758.0,74.4,56.4,81.36,31.53,0.0,56.74,5.0
1758.0,74.4,56.4,81.36,31.53,0.0,56.74,5.0
1799.0,72.9,53.5,93.88,31.19,0.0,65.8,5.0
1799.0,72.9,53.5,93.88,31.19,0.0,65.8,5.0
1844.0,71.7,51.2,93.88,31.19,0.0,65.8,5.0
1755.0,70.2,47.7,93.88,31.19,0.0,65.8,5.0
1713.0,65.7,47.0,93.88,31.19,0.0,65.8,5.0
1713.0,65.7,47.0,93.88,31.19,0.0,65.8,5.0
1773.0,62.4,42.5,93.88,31.19,0.0,65.8,5.0
1773.0,62.4,42.5,93.88,31.19,0.0,65.8,5.0
1746.0,59.3,40.6,93.88,31.19,0.0,65.8,5.0
1746.0,59.3,40.6,93.88,31.19,0.0,65.8,5.0
1667.0,58.9,38.9,93.88,31.19,0.0,65.8,5.0
1655.0,54.6,39.4,93.88,31.19,0.0,65.8,5.0
1660.0,56.4,40.3,93.88,31.19,0.0,65.8,5.0
1603.0,53.9,39.2,93.88,31.19,0.0,65.8,5.0
1602.0,53.9,39.2,93.88,31.19,0.0,65.8,5.0
1561.0,52.7,35.7,93.88,31.19,0.0,65.8,5.0
1561.0,52.7,35.7,93.88,31.19,0.0,65.8,5.0
1516.0,47.3,33.3,93.88,31.19,0.0,65.8,5.0
1516.0,47.3,33.3,93.88,31.19,0.0,65.8,5.0
1470.0,43.1,32.8,93.88,31.19,0.0,65.8,5.0
1458.0,40.5,30.8,93.88,31.19,0.0,65.8,5.0
1408.0,38.7,28.7,93.88,31.19,0.0,65.8,5.0
1381.0,41.0,28.4,93.88,31.19,0.0,65.8,5.0
1378.0,31.5,26.0,93.88,31.19,0.0,65.8,5.0
1378.0,31.5,26.0,93.88,31.19,0.0,65.8,5.0
1373.0,33.8,27.0,93.88,31.19,0.0,65.8,5.0
1373.0,33.8,27.0,93.88,31.19,0.0,65.8,5.0
1427.0,33.0,25.0,93.88,31.19,0.0,65.8,5.0
1427.0,33.0,25.0,93.88,31.19,0.0,65.8,5.0
1437.0,30.8,24.0,93.88,31.19,0.0,65.8,5.0
1437.0,30.8,24.0,93.88,31.19,0.0,65.8,5.0
1469.0,31.8,23.8,93.88,31.19,0.0,65.8,5.0
1509.0,29.3,23.3,93.88,31.19,0.0,65.8,5.0
1602.0,35.0,23.3,93.88,31.19,0.0,65.8,5.0
1634.0,31.1,22.5,93.88,31.19,0.0,65.8,5.0
1634.0,31.1,22.5,93.88,31.19,0.0,65.8,5.0
1702.0,28.3,21.8,93.88,31.19,0.0,65.8,5.0
1702.0,28.3,21.8,93.88,31.19,0.0,65.8,5.0
1736.0,28.8,22.2,93.88,31.19,0.0,65.8,5.0
1736.0,28.8,22.2,93.88,31.19,0.0,65.8,5.0
1784.0,30.9,23.3,93.88,31.19,0.0,65.8,5.0
1980.0,28.8,21.3,93.88,31.19,0.0,65.8,5.0
1846.0,31.5,21.3,93.88,31.19,0.0,65.8,5.0
1850.0,32.4,21.0,93.88,31.19,0.0,65.8,5.0
1825.0,31.9,21.1,93.88,31.19,0.0,65.8,5.0
1825.0,31.9,21.1,93.88,31.19,0.0,65.8,5.0
1825.0,33.5,20.6,93.88,31.19,0.0,65.8,5.0
1825.0,33.5,20.6,93.88,31.19,0.0,65.8,5.0
1812.0,29.5,21.3,93.88,31.19,0.0,65.8,5.0
1812.0,29.5,21.3,93.88,31.19,0.0,65.8,5.0
1783.0,31.1,20.7,93.88,31.19,0.0,65.8,5.0
1783.0,31.1,20.7,93.88,31.19,0.0,65.8,5.0
1739.0,33.3,20.8,93.88,31.19,0.0,65.8,5.0
1774.0,29.5,20.4,93.88,31.19,0.0,65.8,5.0
1673.0,27.3,20.7,93.88,31.19,0.0,65.8,5.0
1653.0,27.3,20.7,93.88,31.19,0.0,65.8,5.0
928.0,18.5,13.4,93.88,31.19,0.0,65.8,4.0
928.0,18.5,13.4,93.88,31.19,0.0,65.8,4.0
920.0,17.3,12.2,93.88,31.19,0.0,65.8,4.0
400.0,425.2,378.7,75.1,45.93,0.69,103.95,1.0
400.0,425.5,378.9,75.1,45.93,0.69,103.95,1.0
400.0,425.5,378.9,75.1,45.93,0.69,103.95,1.0
400.0,423.2,377.0,75.1,45.93,0.69,103.95,1.0
483.0,423.2,372.5,75.1,45.93,0.69,103.95,1.0
483.0,418.1,372.5,75.1,45.93,0.69,103.95,1.0
496.0,410.6,365.8,75.1,45.93,0.69,103.95,2.0
496.0,410.6,365.8,75.1,45.93,0.69,103.95,2.0
648.0,402.1,358.3,75.1,45.93,0.69,103.95,2.0
409.0,274.7,244.4,75.1,45.93,0.69,103.95,1.0
430.0,236.4,208.7,75.1,45.93,0.69,103.95,1.0
430.0,236.4,208.7,75.1,45.93,0.69,103.95,1.0
434.0,228.2,200.6,75.1,45.93,0.69,103.95,1.0
434.0,228.2,200.6,75.1,45.93,0.69,103.95,1.0
584.0,245.0,218.6,75.1,45.93,0.69,103.95,2.0
461.0,324.7,290.3,75.1,45.93,0.69,103.95,1.0
461.0,324.7,290.3,75.1,45.93,0.69,103.95,1.0
796.0,131.3,117.1,75.1,45.93,0.69,103.95,2.0
849.0,191.9,171.9,75.1,45.93,0.69,103.95,3.0
849.0,191.9,171.9,75.1,45.93,0.69,103.95,3.0
812.0,216.9,194.7,75.1,45.93,0.69,103.95,3.0
763.0,136.7,122.6,75.1,45.93,0.69,103.95,3.0
763.0,136.7,122.6,75.1,45.93,0.69,103.95,3.0
672.0,163.7,146.3,75.1,45.93,0.69,103.95,2.0
672.0,163.7,146.3,75.1,45.93,0.69,103.95,2.0
629.0,81.9,73.7,75.1,45.93,0.69,103.95,2.0
629.0,81.9,73.7,75.1,45.93,0.69,103.95,2.0
645.0,63.2,57.0,75.1,45.93,0.69,103.95,2.0
645.0,63.2,57.0,75.1,45.93,0.69,103.95,2.0
592.0,56.0,50.5,75.1,45.93,0.69,103.95,2.0
549.0,53.5,48.1,75.1,45.93,0.69,103.95,2.0
549.0,53.5,48.1,75.1,45.93,0.69,103.95,2.0
517.0,51.2,46.2,75.1,45.93,0.69,103.95,2.0
517.0,51.2,46.2,75.1,45.93,0.69,103.95,2.0
530.0,55.1,49.7,75.1,45.93,0.69,103.95,2.0
530.0,55.1,49.7,75.1,45.93,0.69,103.95,2.0
538.0,50.9,45.8,75.1,45.93,0.69,103.95,2.0
538.0,50.9,45.8,75.1,45.93,0.69,103.95,2.0
518.0,46.8,42.2,75.1,45.93,0.69,103.95,2.0
525.0,49.9,45.1,75.1,45.93,0.69,103.95,2.0
525.0,49.9,45.1,75.1,45.93,0.69,103.95,2.0
507.0,47.3,42.8,75.1,45.93,0.69,103.95,2.0
502.0,48.2,43.5,75.1,45.93,0.69,103.95,2.0
508.0,46.0,41.5,75.1,45.93,0.69,103.95,2.0
508.0,46.0,41.5,75.1,45.93,0.69,103.95,2.0
495.0,43.0,38.8,75.1,45.93,0.69,103.95,2.0
502.0,42.1,37.9,75.1,45.93,0.69,103.95,2.0
506.0,48.6,43.8,75.1,45.93,0.69,103.95,2.0
506.0,48.6,43.8,75.1,45.93,0.69,103.95,2.0
526.0,45.5,41.0,75.1,45.93,0.69,103.95,2.0
526.0,45.5,41.0,75.1,45.93,0.69,103.95,2.0
480.0,44.1,39.8,75.1,45.93,0.69,103.95,2.0
483.0,41.9,37.9,75.1,45.93,0.69,103.95,2.0
511.0,41.9,37.9,75.1,45.93,0.69,103.95,2.0
551.0,36.1,32.6,75.1,45.93,0.69,103.95,2.0
551.0,36.1,32.6,75.1,45.93,0.69,103.95,2.0
553.0,35.8,32.3,75.1,45.93,0.69,103.95,2.0
510.0,40.6,36.6,75.1,45.93,0.69,103.95,2.0
498.0,42.0,38.0,75.1,45.93,0.69,103.95,2.0
506.0,41.1,37.2,75.1,45.93,0.69,103.95,2.0
506.0,41.1,37.2,75.1,45.93,0.69,103.95,2.0
460.0,38.2,34.5,75.1,45.93,0.69,103.95,1.0
405.0,39.7,35.9,75.1,45.93,0.69,103.95,1.0
405.0,39.7,35.9,75.1,45.93,0.69,103.95,1.0
418.0,40.4,36.4,75.1,45.93,0.69,103.95,1.0
510.0,32.3,29.2,75.1,45.93,0.69,103.95,2.0
488.0,31.4,28.4,75.1,45.93,0.69,103.95,1.0
488.0,31.4,28.4,75.1,45.93,0.69,103.95,1.0
454.0,35.2,31.8,75.1,45.93,0.69,103.95,1.0
454.0,35.2,31.8,75.1,45.93,0.69,103.95,1.0
452.0,51.4,46.5,75.1,45.93,0.69,103.95,1.0
452.0,51.4,46.5,75.1,45.93,0.69,103.95,1.0
462.0,50.0,45.3,53.2,43.53,0.93,85.83,1.0
462.0,50.0,45.3,53.2,43.53,0.93,85.83,1.0
474.0,40.2,36.4,53.2,43.53,0.93,85.83,1.0
474.0,40.2,36.4,53.2,43.53,0.93,85.83,1.0
427.0,38.7,35.1,53.2,43.53,0.93,85.83,1.0
409.0,40.0,36.1,53.2,43.53,0.93,85.83,1.0
400.0,37.3,33.6,53.2,43.53,0.93,85.83,1.0
400.0,37.3,33.6,53.2,43.53,0.93,85.83,1.0
400.0,35.0,31.5,53.2,43.53,0.93,85.83,1.0
400.0,29.8,26.8,53.2,43.53,0.93,85.83,1.0
400.0,29.8,26.8,53.2,43.53,0.93,85.83,1.0
400.0,24.2,21.8,53.2,43.53,0.93,85.83,1.0
400.0,24.2,21.8,53.2,43.53,0.93,85.83,1.0
446.0,22.0,19.8,53.2,43.53,0.93,85.83,1.0
458.0,22.7,20.5,53.2,43.53,0.93,85.83,1.0
476.0,22.7,20.5,53.2,43.53,0.93,85.83,1.0
435.0,28.5,25.7,53.2,43.53,0.93,85.83,1.0
403.0,26.7,24.2,53.2,43.53,0.93,85.83,1.0
417.0,22.7,20.4,53.2,43.53,0.93,85.83,1.0
417.0,22.7,20.4,53.2,43.53,0.93,85.83,1.0
431.0,22.1,19.9,53.2,43.53,0.93,85.83,1.0
430.0,22.2,20.0,53.2,43.53,0.93,85.83,1.0
425.0,19.6,17.7,53.2,43.53,0.93,85.83,1.0
439.0,20.5,18.5,53.2,43.53,0.93,85.83,1.0
439.0,20.5,18.5,53.2,43.53,0.93,85.83,1.0
472.0,18.6,16.7,53.2,43.53,0.93,85.83,1.0
479.0,22.2,20.0,53.2,43.53,0.93,85.83,2.0
479.0,22.2,20.0,53.2,43.53,0.93,85.83,2.0
505.0,22.1,19.9,53.2,43.53,0.93,85.83,2.0
505.0,22.1,19.9,53.2,43.53,0.93,85.83,2.0
578.0,23.4,21.0,53.2,43.53,0.93,85.83,2.0
578.0,23.4,21.0,53.2,43.53,0.93,85.83,2.0
598.0,23.7,21.2,53.2,43.53,0.93,85.83,2.0
605.0,26.0,23.4,53.2,43.53,0.93,85.83,2.0
618.0,29.5,26.5,53.2,43.53,0.93,85.83,2.0
646.0,29.4,26.5,53.2,43.53,0.93,85.83,2.0
646.0,29.4,26.5,53.2,43.53,0.93,85.83,2.0
698.0,36.1,32.6,53.2,43.53,0.93,85.83,2.0
698.0,36.1,32.6,53.2,43.53,0.93,85.83,2.0
738.0,42.5,38.3,53.2,43.53,0.93,85.83,3.0
707.0,49.0,44.1,53.2,43.53,0.93,85.83,2.0
684.0,50.8,45.7,53.2,43.53,0.93,85.83,2.0
635.0,46.5,41.8,53.2,43.53,0.93,85.83,2.0
635.0,46.5,41.8,53.2,43.53,0.93,85.83,2.0
486.0,41.6,37.4,53.2,43.53,0.93,85.83,2.0
585.0,42.1,37.9,53.2,43.53,0.93,85.83,2.0
619.0,41.1,37.0,53.2,43.53,0.93,85.83,2.0
619.0,41.1,37.0,53.2,43.53,0.93,85.83,2.0
584.0,21.9,19.5,53.2,43.53,0.93,85.83,2.0
584.0,21.9,19.5,53.2,43.53,0.93,85.83,2.0
511.0,17.8,15.9,53.2,43.53,0.93,85.83,2.0
497.0,15.9,13.6,53.2,43.53,0.93,85.83,2.0
563.0,14.0,10.9,53.2,43.53,0.93,85.83,2.0
563.0,14.0,10.9,53.2,43.53,0.93,85.83,2.0
558.0,12.9,11.0,53.2,43.53,0.93,85.83,2.0
553.0,13.2,11.8,53.2,43.53,0.93,85.83,2.0
545.0,16.2,14.5,53.2,43.53,0.93,85.83,2.0
536.0,17.0,15.2,53.2,43.53,0.93,85.83,2.0
536.0,17.0,15.2,53.2,43.53,0.93,85.83,2.0
461.0,19.7,17.6,53.2,43.53,0.93,85.83,1.0
461.0,19.7,17.6,53.2,43.53,0.93,85.83,1.0
454.0,18.4,16.2,53.2,43.53,0.93,85.83,1.0
478.0,16.3,14.4,53.2,43.53,0.93,85.83,1.0
570.0,20.7,16.0,53.2,43.53,0.93,85.83,2.0
576.0,21.0,17.1,53.2,43.53,0.93,85.83,2.0
576.0,21.0,17.1,53.2,43.53,0.93,85.83,2.0
581.0,26.2,22.5,53.2,43.53,0.93,85.83,2.0
566.0,28.3,25.2,53.2,43.53,0.93,85.83,2.0
575.0,28.7,25.6,53.2,43.53,0.93,85.83,2.0
575.0,28.7,25.6,53.2,43.53,0.93,85.83,2.0
574.0,32.3,28.7,53.2,43.53,0.93,85.83,2.0
574.0,32.3,28.7,53.2,43.53,0.93,85.83,2.0
605.0,33.8,30.2,53.2,43.53,0.93,85.83,2.0
605.0,33.8,30.2,53.2,43.53,0.93,85.83,2.0
615.0,33.0,29.5,53.2,43.53,0.93,85.83,2.0
615.0,33.0,29.5,53.2,43.53,0.93,85.83,2.0
581.0,35.7,31.8,53.2,43.53,0.93,85.83,2.0
571.0,35.8,32.0,53.2,43.53,0.93,85.83,2.0
571.0,35.8,32.0,53.2,43.53,0.93,85.83,2.0
566.0,36.0,32.1,53.2,43.53,0.93,85.83,2.0
566.0,36.0,32.1,53.2,43.53,0.93,85.83,2.0
560.0,34.3,30.8,53.2,43.53,0.93,85.83,2.0
560.0,34.3,30.8,53.2,43.53,0.93,85.83,2.0
540.0,32.0,28.7,53.2,43.53,0.93,85.83,2.0
539.0,30.5,27.2,53.2,43.53,0.93,85.83,2.0
467.0,27.4,24.5,53.2,43.53,0.93,85.83,1.0
467.0,27.4,24.5,53.2,43.53,0.93,85.83,1.0
448.0,22.6,19.6,53.2,43.53,0.93,85.83,1.0
448.0,22.6,19.6,53.2,43.53,0.93,85.83,1.0
400.0,15.9,14.2,53.2,43.53,0.93,85.83,1.0
400.0,15.9,14.2,53.2,43.53,0.93,85.83,1.0
400.0,15.2,13.6,53.2,43.53,0.93,85.83,1.0
400.0,13.3,11.9,53.2,43.53,0.93,85.83,1.0
400.0,12.8,11.3,53.2,43.53,0.93,85.83,1.0
400.0,12.8,11.3,53.2,43.53,0.93,85.83,1.0
400.0,12.5,10.7,53.2,43.53,0.93,85.83,1.0
400.0,20.0,15.1,53.2,43.53,0.93,85.83,1.0
462.0,17.9,14.8,53.2,43.53,0.93,85.83,1.0
462.0,17.9,14.8,53.2,43.53,0.93,85.83,1.0
488.0,20.0,16.9,53.2,43.53,0.93,85.83,1.0
483.0,20.9,18.0,53.2,43.53,0.93,85.83,2.0
452.0,23.9,20.3,53.2,43.53,0.93,85.83,1.0
452.0,23.9,20.3,0.0,0.0,0.0,0.0,1.0
400.0,23.5,20.4,53.2,43.53,0.93,85.83,1.0
400.0,23.5,20.4,53.2,43.53,0.93,85.83,1.0
400.0,21.7,19.4,53.2,43.53,0.93,85.83,1.0
400.0,21.7,19.4,53.2,43.53,0.93,85.83,1.0
400.0,21.8,19.5,53.2,43.53,0.93,85.83,1.0
430.0,21.7,15.8,53.2,43.53,0.93,85.83,1.0
430.0,21.7,15.8,53.2,43.53,0.93,85.83,1.0
462.0,19.4,15.4,53.2,43.53,0.93,85.83,1.0
469.0,21.4,16.2,53.2,43.53,0.93,85.83,1.0
469.0,21.4,16.2,53.2,43.53,0.93,85.83,1.0
559.0,19.5,16.7,53.2,43.53,0.93,85.83,2.0
559.0,19.5,16.7,53.2,43.53,0.93,85.83,2.0
549.0,18.7,16.7,53.2,43.53,0.93,85.83,2.0
483.0,20.5,17.4,53.2,43.53,0.93,85.83,2.0
426.0,20.8,18.5,53.2,43.53,0.93,85.83,1.0
426.0,20.8,18.5,53.2,43.53,0.93,85.83,1.0
422.0,21.0,18.3,53.2,43.53,0.93,85.83,1.0
400.0,21.0,16.7,53.2,43.53,0.93,85.83,1.0
400.0,17.5,15.0,53.2,43.53,0.93,85.83,1.0
400.0,17.5,15.0,53.2,43.53,0.93,85.83,1.0
426.0,15.2,12.2,53.2,43.53,0.93,85.83,1.0
426.0,15.2,12.2,53.2,43.53,0.93,85.83,1.0
479.0,18.1,13.8,53.2,43.53,0.93,85.83,1.0
913.0,19.0,14.6,53.2,43.53,0.93,85.83,3.0
913.0,19.0,14.6,53.2,43.53,0.93,85.83,3.0
1063.0,15.3,13.6,53.2,43.53,0.93,85.83,4.0
1063.0,15.3,13.6,53.2,43.53,0.93,85.83,4.0
1101.0,18.9,12.7,53.2,43.53,0.93,85.83,4.0
1101.0,18.9,12.7,53.2,43.53,0.93,85.83,4.0
1087.0,19.2,12.4,53.2,43.53,0.93,85.83,4.0
1063.0,14.9,12.5,53.2,43.53,0.93,85.83,4.0
1074.0,18.7,15.0,53.2,43.53,0.93,85.83,4.0
1056.0,22.2,18.3,53.2,43.53,0.93,85.83,4.0
1047.0,26.2,22.0,53.2,43.53,0.93,85.83,4.0
1034.0,29.7,22.0,53.2,43.53,0.93,85.83,4.0
1034.0,29.7,22.0,53.2,43.53,0.93,85.83,4.0
973.0,29.2,22.4,53.2,43.53,0.93,85.83,4.0
871.0,29.7,24.3,34.42,42.16,0.66,70.57,3.0
840.0,31.3,23.3,34.42,42.16,0.66,70.57,3.0
840.0,31.3,23.3,34.42,42.16,0.66,70.57,3.0
843.0,22.4,17.5,34.42,42.16,0.66,70.57,3.0
843.0,22.4,17.5,34.42,42.16,0.66,70.57,3.0
815.0,23.1,15.6,34.42,42.16,0.66,70.57,3.0
826.0,20.9,16.1,34.42,42.16,0.66,70.57,3.0
816.0,20.4,16.4,34.42,42.16,0.66,70.57,3.0
816.0,20.4,16.4,34.42,42.16,0.66,70.57,3.0
805.0,21.8,16.9,34.42,42.16,0.66,70.57,3.0
757.0,19.0,16.1,34.42,42.16,0.66,70.57,3.0
757.0,19.0,16.1,34.42,42.16,0.66,70.57,3.0
713.0,18.5,16.5,34.42,42.16,0.66,70.57,2.0
713.0,18.5,16.5,34.42,42.16,0.66,70.57,2.0
703.0,20.3,16.9,34.42,42.16,0.66,70.57,2.0
634.0,17.8,15.9,34.42,42.16,0.66,70.57,2.0
634.0,17.8,15.9,34.42,42.16,0.66,70.57,2.0
582.0,18.6,15.4,34.42,42.16,0.66,70.57,2.0
582.0,18.6,15.4,34.42,42.16,0.66,70.57,2.0
459.0,17.5,14.8,34.42,42.16,0.66,70.57,1.0
459.0,17.5,14.8,34.42,42.16,0.66,70.57,1.0
415.0,20.2,13.6,34.42,42.16,0.66,70.57,1.0
422.0,17.2,13.0,34.42,42.16,0.66,70.57,1.0
471.0,15.2,11.2,34.42,42.16,0.66,70.57,2.0
502.0,15.7,10.9,34.42,42.16,0.66,70.57,2.0
547.0,11.9,9.9,34.42,42.16,0.66,70.57,2.0
458.0,10.8,9.3,34.42,42.16,0.66,70.57,1.0
458.0,10.8,9.3,34.42,42.16,0.66,70.57,1.0
447.0,11.9,9.4,34.42,42.16,0.66,70.57,1.0
447.0,11.9,9.4,34.42,42.16,0.66,70.57,1.0
639.0,16.5,10.4,34.42,42.16,0.66,70.57,2.0
639.0,16.5,10.4,34.42,42.16,0.66,70.57,2.0
737.0,17.1,10.5,34.42,42.16,0.66,70.57,3.0
765.0,14.1,10.9,34.42,42.16,0.66,70.57,3.0
658.0,15.2,11.6,34.42,42.16,0.66,70.57,2.0
658.0,15.2,11.6,34.42,42.16,0.66,70.57,2.0
632.0,25.6,13.1,34.42,42.16,0.66,70.57,2.0
632.0,25.6,13.1,34.42,42.16,0.66,70.57,2.0
651.0,17.0,12.1,34.42,42.16,0.66,70.57,2.0
651.0,17.0,12.1,34.42,42.16,0.66,70.57,2.0
664.0,17.7,13.6,34.42,42.16,0.66,70.57,2.0
546.0,31.4,26.7,34.42,42.16,0.66,70.57,2.0
716.0,32.3,23.6,34.42,42.16,0.66,70.57,2.0
859.0,35.2,30.4,34.42,42.16,0.66,70.57,3.0
859.0,35.2,30.4,34.42,42.16,0.66,70.57,3.0
912.0,61.0,55.2,34.42,42.16,0.66,70.57,4.0
912.0,61.0,55.2,34.42,42.16,0.66,70.57,4.0
533.0,17.7,12.7,12.63,40.78,2.71,50.07,2.0
531.0,15.9,11.3,12.63,40.78,2.71,50.07,2.0
531.0,15.9,11.3,12.63,40.78,2.71,50.07,2.0
400.0,17.0,8.2,4.08,37.7,7.42,41.49,1.0
400.0,17.0,8.2,4.08,37.7,7.42,41.49,1.0
400.0,27.2,8.5,4.08,37.7,7.42,41.49,1.0
400.0,19.1,7.8,4.08,37.7,7.42,41.49,1.0
603.0,22.8,8.6,4.08,37.7,7.42,41.49,2.0
512.0,20.1,11.5,4.08,37.7,7.42,41.49,2.0
508.0,10.8,8.7,4.08,37.7,7.42,41.49,2.0
445.0,7.2,6.3,4.08,37.7,7.42,41.49,1.0
420.0,10.0,6.5,4.08,37.7,7.42,41.49,1.0
455.0,9.8,5.9,4.08,37.7,7.42,41.49,1.0
493.0,6.0,4.9,4.08,37.7,7.42,41.49,1.0
494.0,5.9,5.3,4.08,37.7,7.42,41.49,2.0
513.0,5.9,5.3,4.08,37.7,7.42,41.49,2.0
614.0,7.7,6.1,4.08,37.7,7.42,41.49,2.0
614.0,7.7,6.1,4.08,37.7,7.42,41.49,2.0
544.0,6.8,5.7,4.08,37.7,7.42,41.49,2.0
544.0,6.8,5.7,4.08,37.7,7.42,41.49,2.0
608.0,8.9,6.0,4.08,37.7,7.42,41.49,2.0
530.0,6.7,5.5,4.08,37.7,7.42,41.49,2.0
482.0,7.5,5.6,4.08,37.7,7.42,41.49,2.0
501.0,7.2,5.5,4.08,37.7,7.42,41.49,1.0
510.0,7.4,5.5,4.08,37.7,7.42,41.49,2.0
545.0,8.9,6.5,4.08,37.7,7.42,41.49,2.0
615.0,13.4,7.4,4.08,37.7,7.42,41.49,2.0
615.0,13.4,7.4,4.08,37.7,7.42,41.49,2.0
560.0,12.2,9.6,4.08,37.7,7.42,41.49,2.0
560.0,12.8,9.0,4.08,37.7,7.42,41.49,2.0
560.0,12.1,8.5,4.08,37.7,7.42,41.49,2.0
560.0,12.1,8.5,4.08,37.7,7.42,41.49,2.0
559.0,11.3,8.2,4.08,37.7,7.42,41.49,2.0
559.0,11.3,8.2,4.08,37.7,7.42,41.49,2.0
589.0,9.8,7.4,4.08,37.7,7.42,41.49,2.0
614.0,9.8,6.9,4.08,37.7,7.42,41.49,2.0
614.0,9.8,6.9,4.08,37.7,7.42,41.49,2.0
574.0,8.2,6.9,4.08,37.7,7.42,41.49,2.0
594.0,9.7,7.4,4.08,37.7,7.42,41.49,2.0
594.0,9.7,7.4,4.08,37.7,7.42,41.49,2.0
619.0,9.8,7.8,4.08,37.7,7.42,41.49,2.0
593.0,9.7,7.9,4.08,37.7,7.42,41.49,2.0
592.0,9.8,7.6,4.08,37.7,7.42,41.49,2.0
586.0,9.8,7.6,4.08,37.7,7.42,41.49,2.0
570.0,10.2,7.0,4.08,37.7,7.42,41.49,2.0
570.0,10.2,7.0,4.08,37.7,7.42,41.49,2.0
586.0,8.8,6.8,4.08,37.7,7.42,41.49,2.0
586.0,8.8,6.8,4.08,37.7,7.42,41.49,2.0
614.0,10.4,6.6,4.08,37.7,7.42,41.49,2.0
610.0,10.0,7.1,4.08,37.7,7.42,41.49,2.0
610.0,10.0,7.1,4.08,37.7,7.42,41.49,2.0
609.0,9.9,8.0,4.08,37.7,7.42,41.49,2.0
592.0,12.2,8.9,4.08,37.7,7.42,41.49,2.0
595.0,11.0,8.3,4.08,37.7,7.42,41.49,2.0
590.0,9.0,7.5,1.93,33.59,15.02,37.19,2.0
590.0,9.0,7.5,1.93,33.59,15.02,37.19,2.0
594.0,11.1,7.9,4.08,37.7,7.42,41.49,2.0
594.0,11.1,7.9,4.08,37.7,7.42,41.49,2.0
622.0,10.2,7.4,4.08,37.7,7.42,41.49,2.0
737.0,9.8,7.5,4.08,37.7,7.42,41.49,3.0
737.0,9.8,7.5,4.08,37.7,7.42,41.49,3.0
803.0,10.7,7.8,4.08,37.7,7.42,41.49,3.0
803.0,10.7,7.8,4.08,37.7,7.42,41.49,3.0
791.0,11.9,7.9,4.08,37.7,7.42,41.49,3.0
749.0,10.4,7.8,1.93,33.59,15.02,37.19,3.0
725.0,12.4,8.4,1.93,33.59,15.02,37.19,2.0
675.0,10.0,7.4,1.93,33.59,15.02,37.19,2.0
675.0,10.0,7.4,1.93,33.59,15.02,37.19,2.0
588.0,10.3,7.1,1.93,33.59,15.02,37.19,2.0
493.0,15.7,7.2,1.93,33.59,15.02,37.19,2.0
493.0,15.7,7.2,1.93,33.59,15.02,37.19,2.0
496.0,13.6,5.7,1.93,33.59,15.02,37.19,2.0
496.0,13.6,5.7,1.93,33.59,15.02,37.19,2.0
449.0,8.1,4.9,1.93,33.59,15.02,37.19,1.0
449.0,8.1,4.9,1.93,33.59,15.02,37.19,1.0
451.0,6.1,4.4,1.93,33.59,15.02,37.19,1.0
447.0,5.7,4.4,1.93,33.59,15.02,37.19,1.0
450.0,7.7,4.5,1.93,33.59,15.02,37.19,1.0
475.0,7.4,4.3,1.93,33.59,15.02,37.19,1.0
479.0,7.6,4.9,1.93,33.59,15.02,37.19,2.0
516.0,7.0,4.7,1.93,33.59,15.02,37.19,2.0
562.0,8.5,6.1,1.93,33.59,15.02,37.19,2.0
562.0,8.5,6.1,1.93,33.59,15.02,37.19,2.0
547.0,9.4,6.6,1.93,33.59,15.02,37.19,2.0
547.0,9.4,6.6,1.93,33.59,15.02,37.19,2.0
566.0,9.7,7.8,1.93,33.59,15.02,37.19,2.0
566.0,9.7,7.8,1.93,33.59,15.02,37.19,2.0
526.0,8.8,7.3,1.93,33.59,15.02,37.19,2.0
513.0,10.2,7.3,1.93,33.59,15.02,37.19,2.0
489.0,8.2,6.4,1.93,33.59,15.02,37.19,1.0
481.0,9.9,6.4,1.93,33.59,15.02,37.19,2.0
472.0,8.8,5.7,1.93,33.59,15.02,37.19,1.0
482.0,7.4,5.4,1.93,33.59,15.02,37.19,1.0
486.0,6.6,4.7,1.93,33.59,15.02,37.19,1.0
486.0,6.6,4.7,1.93,33.59,15.02,37.19,1.0
495.0,7.9,5.1,1.93,33.59,15.02,37.19,2.0
484.0,7.9,5.1,1.93,33.59,15.02,37.19,2.0
486.0,7.2,5.5,1.93,33.59,15.02,37.19,1.0
497.0,9.4,6.4,1.93,33.59,15.02,37.19,2.0
535.0,7.6,6.1,1.93,33.59,15.02,37.19,2.0
562.0,9.4,6.3,1.93,33.59,15.02,37.19,2.0
562.0,9.4,6.3,1.93,33.59,15.02,37.19,2.0
604.0,10.4,8.9,1.93,33.59,15.02,37.19,2.0
625.0,11.1,9.2,1.93,33.59,15.02,37.19,2.0
671.0,11.6,9.6,1.93,33.59,15.02,37.19,2.0
669.0,13.3,10.4,1.93,33.59,15.02,37.19,2.0
687.0,12.1,10.8,1.93,33.59,15.02,37.19,2.0
688.0,12.8,10.8,1.93,33.59,15.02,37.19,2.0
693.0,13.0,10.3,1.93,33.59,15.02,37.19,2.0
704.0,12.2,9.8,1.93,33.59,15.02,37.19,2.0
701.0,11.0,9.3,1.93,33.59,15.02,37.19,2.0
737.0,12.7,10.2,1.93,33.59,15.02,37.19,3.0
743.0,11.6,10.3,1.93,33.59,15.02,37.19,3.0
743.0,11.6,10.3,1.93,33.59,15.02,37.19,3.0
759.0,13.4,10.8,1.93,33.59,15.02,37.19,3.0
731.0,13.0,10.9,1.93,33.59,15.02,37.19,3.0
697.0,14.6,11.4,1.93,33.59,15.02,37.19,2.0
605.0,12.4,10.6,1.93,33.59,15.02,37.19,2.0
510.0,7.5,6.0,1.93,33.59,15.02,37.19,2.0
510.0,7.5,6.0,1.93,33.59,15.02,37.19,2.0
501.0,7.4,5.9,1.93,33.59,15.02,37.19,2.0
512.0,8.1,5.9,1.93,33.59,15.02,37.19,2.0
512.0,8.1,5.9,1.93,33.59,15.02,37.19,2.0
502.0,7.8,5.7,1.93,33.59,15.02,37.19,2.0
501.0,7.9,5.7,1.93,33.59,15.02,37.19,2.0
515.0,7.9,5.7,1.93,33.59,15.02,37.19,2.0
515.0,10.4,5.3,1.93,33.59,15.02,37.19,2.0
521.0,20.5,5.9,1.93,33.59,15.02,37.19,2.0
521.0,20.5,5.9,1.93,33.59,15.02,37.19,2.0
545.0,21.6,5.9,1.93,33.59,15.02,37.19,2.0
557.0,9.8,5.3,1.93,33.59,15.02,37.19,2.0
557.0,9.8,5.3,1.93,33.59,15.02,37.19,2.0
543.0,9.2,5.0,1.93,33.59,15.02,37.19,2.0
605.0,15.2,5.6,1.93,33.59,15.02,37.19,2.0
673.0,14.9,5.4,1.93,33.59,15.02,37.19,2.0
687.0,10.9,5.3,1.93,33.59,15.02,37.19,2.0
687.0,10.9,5.3,1.93,33.59,15.02,37.19,2.0
732.0,14.4,5.7,1.93,33.59,15.02,37.19,3.0
733.0,13.0,6.2,1.93,33.59,15.02,37.19,3.0
715.0,11.0,5.8,1.93,33.59,15.02,37.19,2.0
675.0,15.3,6.3,1.93,33.59,15.02,37.19,2.0
675.0,15.3,6.3,1.93,33.59,15.02,37.19,2.0
654.0,21.3,7.6,1.93,33.59,15.02,37.19,2.0
602.0,23.1,8.0,1.93,33.59,15.02,37.19,2.0
602.0,23.1,8.0,1.93,33.59,15.02,37.19,2.0
600.0,18.8,7.8,1.93,33.59,15.02,37.19,2.0
600.0,18.8,7.8,1.93,33.59,15.02,37.19,2.0
560.0,11.1,6.2,1.93,33.59,15.02,37.19,2.0
531.0,11.4,5.9,1.93,33.59,15.02,37.19,2.0
531.0,11.4,5.9,1.93,33.59,15.02,37.19,2.0
536.0,52.8,9.0,1.93,33.59,15.02,37.19,2.0
536.0,52.8,9.0,1.93,33.59,15.02,37.19,2.0
616.0,36.7,7.8,1.93,33.59,15.02,37.19,2.0
557.0,37.8,8.0,1.93,33.59,15.02,37.19,2.0
541.0,88.9,19.7,1.93,33.59,15.02,37.19,2.0
523.0,116.2,20.2,1.93,33.59,15.02,37.19,2.0
523.0,116.2,20.2,1.93,33.59,15.02,37.19,2.0
492.0,79.5,14.9,1.93,33.59,15.02,37.19,2.0
492.0,79.5,14.9,1.93,33.59,15.02,37.19,2.0
509.0,49.9,12.1,1.93,33.59,15.02,37.19,2.0
509.0,49.9,12.1,1.93,33.59,15.02,37.19,2.0
506.0,29.8,8.1,1.93,33.59,15.02,37.19,2.0
505.0,29.8,8.1,1.93,33.59,15.02,37.19,2.0
491.0,22.1,6.7,1.93,33.59,15.02,37.19,2.0
575.0,204.1,25.2,1.93,33.59,15.02,37.19,2.0
575.0,204.1,25.2,1.93,33.59,15.02,37.19,2.0
610.0,122.6,18.5,1.93,33.59,15.02,37.19,2.0
610.0,122.6,18.5,1.93,33.59,15.02,37.19,2.0
525.0,56.7,13.0,1.93,33.59,15.02,37.19,2.0
542.0,23.6,8.2,1.93,33.59,15.02,37.19,2.0
541.0,13.9,7.0,1.93,33.59,15.02,37.19,2.0
541.0,13.9,7.0,1.93,33.59,15.02,37.19,2.0
853.0,8.1,5.9,1.93,33.59,15.02,37.19,3.0
853.0,8.1,5.9,1.93,33.59,15.02,37.19,3.0
830.0,6.2,5.1,1.93,33.59,15.02,37.19,3.0
759.0,5.4,4.4,1.93,33.59,15.02,37.19,3.0
759.0,5.4,4.4,1.93,33.59,15.02,37.19,3.0
680.0,6.2,4.3,1.93,33.59,15.02,37.19,2.0
650.0,30.9,7.2,1.93,33.59,15.02,37.19,2.0
650.0,30.9,7.2,1.93,33.59,15.02,37.19,2.0
643.0,82.2,14.8,1.93,33.59,15.02,37.19,2.0
643.0,82.2,14.8,1.93,33.59,15.02,37.19,2.0
609.0,46.8,11.0,1.93,33.59,15.02,37.19,2.0
609.0,46.8,11.0,1.93,33.59,15.02,37.19,2.0
597.0,24.9,7.7,1.93,33.59,15.02,37.19,2.0
597.0,24.9,7.7,1.93,33.59,15.02,37.19,2.0
605.0,15.1,6.7,1.93,33.59,15.02,37.19,2.0
605.0,15.1,6.7,1.93,33.59,15.02,37.19,2.0
607.0,13.8,6.0,1.93,33.59,15.02,37.19,2.0
602.0,11.1,5.9,1.93,33.59,15.02,37.19,2.0
602.0,11.1,5.9,1.93,33.59,15.02,37.19,2.0
587.0,6.5,5.1,1.93,33.59,15.02,37.19,2.0
571.0,6.9,4.9,1.93,33.59,15.02,37.19,2.0
569.0,5.6,5.0,1.34,33.59,18.24,36.72,2.0
567.0,10.5,5.1,1.34,33.59,18.24,36.72,2.0
590.0,6.7,4.8,1.34,33.59,18.24,36.72,2.0
640.0,5.2,4.4,1.34,33.59,18.24,36.72,2.0
653.0,41.1,8.7,1.34,33.59,18.24,36.72,2.0
644.0,26.4,8.1,1.34,33.59,18.24,36.72,2.0
656.0,18.0,6.5,1.34,33.59,18.24,36.72,2.0
672.0,18.0,6.5,1.34,33.59,18.24,36.72,2.0
671.0,12.4,5.8,1.34,33.59,18.24,36.72,2.0
634.0,10.8,5.5,1.34,33.59,18.24,36.72,2.0
593.0,10.2,5.5,1.34,33.59,18.24,36.72,2.0
606.0,8.7,5.3,1.34,33.59,18.24,36.72,2.0
600.0,11.6,5.6,1.34,33.59,18.24,36.72,2.0
601.0,7.5,5.1,1.34,33.59,18.24,36.72,2.0
604.0,6.7,4.9,1.34,33.59,18.24,36.72,2.0
604.0,6.7,4.9,1.34,33.59,18.24,36.72,2.0
654.0,36.9,8.5,1.34,33.59,18.24,36.72,2.0
654.0,36.9,8.5,1.34,33.59,18.24,36.72,2.0
619.0,23.2,7.8,1.34,33.59,18.24,36.72,2.0
576.0,14.9,8.0,1.34,33.59,18.24,36.72,2.0
555.0,10.1,7.1,1.34,33.59,18.24,36.72,2.0
555.0,10.1,7.1,1.34,33.59,18.24,36.72,2.0
553.0,8.6,6.4,1.34,33.59,18.24,36.72,2.0
553.0,8.6,6.4,1.34,33.59,18.24,36.72,2.0
565.0,58.4,12.7,1.34,33.59,18.24,36.72,2.0
605.0,13.0,5.8,1.34,33.59,18.24,36.72,2.0
630.0,7.3,5.2,1.34,33.59,18.24,36.72,2.0
590.0,8.7,5.7,1.34,33.59,18.24,36.72,2.0
590.0,8.7,5.7,1.34,33.59,18.24,36.72,2.0
592.0,7.2,5.5,1.34,33.59,18.24,36.72,2.0
592.0,7.2,5.5,1.34,33.59,18.24,36.72,2.0
584.0,31.6,8.9,1.34,33.59,18.24,36.72,2.0
584.0,31.6,8.9,1.34,33.59,18.24,36.72,2.0
577.0,17.1,7.0,1.34,33.59,18.24,36.72,2.0
590.0,10.8,6.0,1.34,33.59,18.24,36.72,2.0
557.0,6.5,5.6,1.34,33.59,18.24,36.72,2.0
552.0,9.0,6.5,1.34,33.59,18.24,36.72,2.0
552.0,9.0,6.5,1.34,33.59,18.24,36.72,2.0
560.0,34.4,9.5,1.34,33.59,18.24,36.72,2.0
560.0,34.4,9.5,1.34,33.59,18.24,36.72,2.0
601.0,16.1,6.9,1.34,33.59,18.24,36.72,2.0
646.0,17.9,7.5,1.34,33.59,18.24,36.72,2.0
646.0,17.9,7.5,1.34,33.59,18.24,36.72,2.0
603.0,12.6,7.1,1.34,33.59,18.24,36.72,2.0
603.0,12.6,7.1,1.34,33.59,18.24,36.72,2.0
570.0,6.0,5.4,1.34,33.59,18.24,36.72,2.0
572.0,5.6,5.0,1.34,33.59,18.24,36.72,2.0
572.0,8.7,5.7,1.34,33.59,18.24,36.72,2.0
572.0,8.7,5.7,1.34,33.59,18.24,36.72,2.0
607.0,10.6,8.4,1.34,33.59,18.24,36.72,2.0
607.0,10.6,8.4,1.34,33.59,18.24,36.72,2.0
620.0,8.6,6.5,1.34,33.59,18.24,36.72,2.0
620.0,8.6,6.5,1.34,33.59,18.24,36.72,2.0
731.0,49.2,17.0,0.8,33.59,24.68,31.95,3.0
695.0,35.3,13.5,0.8,33.59,24.68,31.95,2.0
696.0,21.9,11.3,0.8,33.59,24.68,31.95,2.0
677.0,15.7,9.1,0.8,33.59,24.68,31.95,2.0
677.0,15.7,9.1,0.8,33.59,24.68,31.95,2.0
843.0,29.8,10.8,0.8,33.59,24.68,31.95,3.0
843.0,29.8,10.8,0.8,33.59,24.68,31.95,3.0
807.0,26.4,9.5,0.8,33.59,24.68,31.95,3.0
807.0,26.4,9.5,0.8,33.59,24.68,31.95,3.0
688.0,15.4,7.7,0.8,33.59,24.68,31.95,2.0
690.0,15.4,7.7,0.8,33.59,24.68,31.95,2.0
612.0,8.4,6.6,0.8,33.59,24.68,31.95,2.0
663.0,22.2,7.4,0.8,33.59,24.68,31.95,2.0
681.0,15.5,6.7,0.8,33.59,24.68,31.95,2.0
681.0,25.3,9.0,0.8,33.59,24.68,31.95,2.0
774.0,23.3,13.8,0.8,33.59,24.68,31.95,3.0
735.0,52.3,16.5,0.8,33.59,24.68,31.95,3.0
735.0,52.3,16.5,0.8,33.59,24.68,31.95,3.0
678.0,34.9,15.7,0.8,33.59,24.68,31.95,2.0
800.0,16.5,14.0,0.8,33.59,24.68,31.95,3.0
800.0,16.5,14.0,0.8,33.59,24.68,31.95,3.0
735.0,18.1,15.3,0.8,33.59,24.68,31.95,3.0
735.0,18.1,15.3,0.8,33.59,24.68,31.95,2.0
723.0,15.7,14.0,0.8,33.59,24.68,31.95,3.0
715.0,15.7,14.0,0.8,33.59,24.68,31.95,3.0
717.0,21.9,17.4,0.8,33.59,24.68,31.95,3.0
698.0,23.0,19.5,0.8,33.59,24.68,31.95,2.0
760.0,38.2,23.2,0.8,33.59,24.68,31.95,3.0
722.0,41.8,18.9,0.8,33.59,24.68,31.95,3.0
801.0,30.7,15.8,0.8,33.59,24.68,31.95,3.0
844.0,25.2,15.9,0.8,33.59,24.68,31.95,3.0
844.0,25.2,15.9,0.8,33.59,24.68,31.95,3.0
858.0,23.0,16.8,0.8,33.59,24.68,31.95,3.0
858.0,23.0,16.8,0.8,33.59,24.68,31.95,3.0
807.0,21.4,17.7,0.8,33.59,24.68,31.95,3.0
807.0,21.4,17.7,0.8,33.59,24.68,31.95,3.0
809.0,19.6,15.5,0.8,33.59,24.68,31.95,3.0
853.0,15.5,12.7,0.8,33.59,24.68,31.95,3.0
853.0,15.5,12.7,0.8,33.59,24.68,31.95,3.0
848.0,17.1,15.3,0.8,33.59,24.68,31.95,3.0
848.0,17.1,15.3,0.8,33.59,24.68,31.95,3.0
831.0,22.9,20.4,0.8,33.59,24.68,31.95,3.0
907.0,18.8,16.8,2.26,32.22,27.54,29.33,3.0
906.0,21.0,18.1,2.26,32.22,27.54,29.33,4.0
820.0,15.4,13.1,2.26,32.22,27.54,29.33,3.0
807.0,19.3,16.9,2.26,32.22,27.54,29.33,3.0
818.0,18.8,14.7,2.26,32.22,27.54,29.33,3.0
818.0,18.8,14.7,2.26,32.22,27.54,29.33,3.0
759.0,21.3,19.0,2.26,32.22,27.54,29.33,3.0
783.0,22.6,20.2,2.26,32.22,27.54,29.33,3.0
776.0,25.5,22.8,2.26,32.22,27.54,29.33,3.0
776.0,25.5,22.8,2.26,32.22,27.54,29.33,3.0
780.0,19.3,17.2,2.26,32.22,27.54,29.33,3.0
780.0,19.3,17.2,2.26,32.22,27.54,29.33,3.0
801.0,16.6,14.9,2.26,32.22,27.54,29.33,3.0
801.0,16.6,14.9,2.26,32.22,27.54,29.33,3.0
708.0,18.0,13.9,2.26,32.22,27.54,29.33,3.0
708.0,18.0,13.9,2.26,32.22,27.54,29.33,3.0
699.0,16.4,10.9,2.26,32.22,27.54,29.33,2.0
702.0,8.9,7.8,2.26,32.22,27.54,29.33,2.0
944.0,10.6,7.8,2.26,32.22,27.54,29.33,4.0
944.0,10.6,7.8,2.26,32.22,27.54,29.33,4.0
